post_id,text,time,comments
731043432389703,"NHẬT KÝ ĐI LẤY CHỒNG XA: KHÔNG DẬY SỚM BỊ CHỒNG HẮT THẲNG XÔ NƯỚC LÊN GIƯỜNG  Chỉ có thể nói số mệnh của tôi không tốt, từ Tứ Xuyên gả đến Giang Tây, hiện tại đang sống ở Quảng Tây.  Trước khi lấy chồng, người nhà tôi đã nhiều lần ngăn cản. Sau đó, vì tôi quá kiên quyết nên mọi người đành chấp thuận. Lấy chồng được vài tháng, tôi đã thấy hối hận rất nhiều lần. Đúng là tự mình làm khổ mình…  Hôm nay là ngày nghỉ cuối tuần, tôi muốn ngủ thêm 1 tiếng để bù cho những ngày đi làm. Nhưng chồng liên tục gọi tôi dậy, không gọi được tôi dậy bèn kéo tay tôi kéo người tôi ra mép giường. Tôi bực mình ngồi dậy, anh ta đẩy tôi xuống đất. Tôi tỏ ra bực tức ngồi lại lên giường. Được một lúc thì thấy người vừa ướt vừa lạnh. Hoá ra anh ta đã hắt nguyên một xô nước lên người tôi.  Bây giờ tôi đang vừa khóc vừa gọi điện về nhà, mong bố mẹ đến đón mình về.  >> Coi như xô nước của chồng thím đã thực sự thức tỉnh được thím rồi đấy.  >> Tôi chưa lấy chồng vẫn ở với bố mẹ, ngày nghỉ chắc phải ngủ đến chiều, không ăn trưa, dậy ăn gì đó xong lại ngủ tiếp, bố mẹ không trách mắng gì luôn. Lấy chồng thảm vậy thà ở với bố mẹ cả đời.  >> Không hiểu là sao thím còn chưa ly hôn đí á???  Cre: ",2023-11-29 23:58:05,603
731015475725832,"Bạn cùng phòng chỉ cho tôi cách dùng khăn giấy rút, cảm giác như phát hiện ra một chân trời mới vậy!!!  Cre: lzx20041211",2023-11-29 22:54:15,37
730966445730735,Đôi mắt chăm chú và biểu cảm tràn đầy yêu thích của Dương Tử khi nhìn theo Lưu Diệc Phi,2023-11-29 21:11:50,58
730945852399461,Sau này đám cưới của tui và anh iu sẽ kiểu   Cre:   -Miao- #Wbvn,2023-11-29 20:31:34,32
730934009067312,HÌNH TƯỢNG KHI ĐI LÀM VÀ SAU KHI TAN LÀM CỦA GIỚI TRẺ BÂY GIỜ KIỂU   Tác giả:   -Cá- #weibovietnam #wbvn #news #comics,2023-11-29 20:07:05,71
730915179069195,"Ý nghĩa của việc đi du lịch chính là cùng nhau lưu lại những khoảnh khắc đáng nhớ như vậy.  Dù có mệt, nhưng mà vẫn vui   Cre: nnznice  -Miao- #Wbvn",2023-11-29 19:22:48,1099
730870742406972,GÓC NHÌN CỦA BẠN TRAI CAO HƠN 1M80 DÀNH CHO TÔI   Tui cao 1m50 nên ổng hay trêu là nhìn tui cứ như nhìn trẻ con vậy . Đã vậy ổng cao nên đứng nhòm một cái là nhìn thấy hết điện thoại của tui luôn chứ   -Miao- #Wbvn,2023-11-29 17:29:23,33
730835342410512,"Sáng nay vì mải mê chụp đôi mèo dịu keo này mà tôi lỡ mất chuyến tàu điện ngầm đi làm, đến nơi còn bị sếp mắng mất 15ph.  Nhưng mà về nhà xem lại ảnh thấy cũng đáng lắm hehe  -Miao- #wbvn",2023-11-29 15:47:15,457
730737992420247,"Hôm nay Huawei về trường tôi chiêu mộ người tài, có anh đẹp trai này khiến đám nữ sinh chúng tôi phải cảm thán hú hét trong âm thầm. Không biết là có đầu quân được vào Huawei không chứ rất là muốn “đầu quân” vào nhà anh ý rồi đó ",2023-11-29 11:18:06,57
730505979110115,"BẠN ĐÃ TỪNG CHỨNG KIẾN NHỮNG NGƯỜI Ở XUNG QUANH MÌNH GẶP BÁO ỨNG NHƯ THẾ NÀO?  #1. Một cô bạn đồng nghiệp của tôi có chồng kinh doanh làm ăn tốt lắm, sau đó anh ta ngoại tình, cô bồ có bầu, ông chồng đòi ly hôn, ai ngờ còn chưa kịp ly hôn thì anh này bất ngờ gặp TNGT qua đời. Toàn bộ tài sản thuộc về vợ con, bồ thì phải bỏ đứa con đi rồi cũng mất tích luôn.  #2. Hồi cấp 2 từng bị BLHĐ, kẻ đó ngày nào cũng chặn đường uy hiếp tôi bắt tôi đi mua cơm trưa cho cậu ta, mua xong rồi thì kêu tôi cút, nói tôi xấu xí ảnh hưởng đến việc ăn cơm của bọn con trai. Lên đại học cậu ta nghịch với bạn ngồi lên bình cứu hỏa, bình cứu hỏa phát nổ khiến phần thân dưới của cậu ta bị thương nghiêm trọng, phải dùng túi đựng phân suốt phần đời còn lại.  #3. Người bố ruột đẻ ra tôi, 2 bà vợ 5 đứa con tất cả đều bỏ mặc không thèm chăm sóc đoái hoài. Vào 10 năm cuối cuộc đời ông ấy bị đột quỵ 2 lần phải nằm liệt trên giường và cắt bỏ hai chân vì bệnh tiểu đường. Thế mới nói báo ứng chỉ đến muộn thôi chứ không phải không có.  #4. Bác chồng của tôi không sinh được con nên đã nhận một bé gái về nuôi. Ban đầu bà đối xử với con bé như con ruột, sau đó mấy năm sinh được thằng cu thì lại quay ra đối xử tệ bạc, ngu*c đ*i con bé, còn đem con bé bỏ lại ở trại trẻ mồ côi không nuôi nữa. Con trai bà ấy vừa đẹp trai lại thông minh, mới 3 tuổi đã biết tháo rời rồi lắp lại các loại người máy như cũ rồi. Nhưng đến năm 4 tuổi thì thằng bé bị bệnh máu trắng qua đời. Đi xem bói thì thầy bảo bà ấy đời này không con không cái, nhưng mà đứa con gái nuôi bị bà ấy vứt bỏ lại có duyên phận anh em với con trai bà, bỏ con gái rồi thì con trai cũng tự theo đó mà đi thôi.  #5. Vợ tôi gây chuyện vô lý, sau đó bị bỏng nước sôi (không nghiêm trọng), tôi nói “đáng đời”, sau đó đến lượt tôi bị cô ấy “tát yêu” một phát…  #6. GVCN hồi tiểu học bắt các bạn trong lớp không được chơi với tôi, bảo các giáo viên khác không chấm bài của tôi, khiến tất cả mọi người cô lập tôi, còn chuyển bàn học của tôi đến bên cạnh cái thùng rác ở góc lớp, thường xuyên dùng lời lẽ nặng nề lăng mạ tôi, tất cả chỉ vì mẹ tôi không giúp đỡ ông ta việc gì đó. Mấy năm sau ông ta đi trên đường gặp tai nạn mất rồi, vợ ông ta đi cùng thì tàn phế luôn.",2023-11-28 23:32:46,351
730467145780665,Chụp ảnh đi chơi cho vợ/người yêu là bài học bắt buộc mà người đàn ông nào cũng phải nằm lòng   Ảnh: ,2023-11-28 21:59:08,35
730445999116113,"Hôm nay bạn gái cũ của chồng tôi đính hôn, mời cả hai vợ chồng tôi đến tham dự. Trong ba bộ đồ này tôi vẫn đang phân vân không biết nên chọn bộ nào, mọi người cho ý kiến với ạ  Cre:   -Miao- #Wbvn",2023-11-28 21:11:29,588
730430485784331,Khi người trưởng thành cống hiến cho tư bản...  #Wbvn,2023-11-28 20:37:45,678
730412695786110,CÁCH MÀ CHÚNG TÔI CÙNG XÁC NHẬN “ĐỒNG BỌN”   Tác giả:   -Cá- #weibovietnam #wbvn #news #comics,2023-11-28 20:08:31,32
730397489120964,"Đi đón dâu “được” đội nhà gái mời uống rịu, giải đề thi đã là xưa rồi. Bây giờ mở máy lên, solo một trận LMHT đi rồi tính tiếp   -Miao- #wbvn",2023-11-28 19:31:11,565
730360452458001,“Cái đuôi” này hễ lần nào tôi vào nhà vệ sinh là lại bám theo lần đó. Tôi cũng “thuận thế” biến nó thành ghế kê điện thoại cầm cho đỡ mỏi tay lun.  Trông có vẻ không tình nguyện lắm nhưng vẫn phải cam chịu thôi   Cre: ,2023-11-28 17:55:55,67
730321012461945,"Không biết nên gọi đây là răng khôn, hay là răng wỷ nữa, mọc quá trời mọc luôn ",2023-11-28 16:07:15,3157
730254692468577,"Mùa đông là thời điểm mặc nhiều áo, cũng là lúc “bức tường” của tôi được cứu vớt   -Miao- #wbvn",2023-11-28 13:06:37,29
729976379163075,"BẠN ĐÃ TỪNG GIẤU BỐ MẸ LÀM NHỮNG CHUYỆN ĐIN CUỒNG NHƯ THẾ NÀO?  >> Âm thầm chuẩn bị món quà là một chiếc xe motor hơn 300k tệ (hơn 1 tỷ VNĐ) để tặng cho bạn trai.  >> Lén lút ra nước ngoài kết hôn, mà quan trọngXem thêm là chồng tôi còn bằng tuổi bà ngoại tôi. Suỵt, mọi người đừng ấn like nha kẻo người nhà tôi đọc được.  >> Tiết kiệm được 12 triệu NDT…  >> Thích một chàng trai không thích tôi, 7 năm liền.  >> Lặng lẽ đăng ký nhập ngũ, sau đó cũng lặng lẽ xuất ngũ về nhà mở một tiệm bán hoa quả.  >> Nói dối là không yêu đương lúc còn học ĐH, nhưng bố mẹ đâu biết rằng tôi đã trải qua 5 mối tình được coi là “khắc cốt ghi tâm”.  >> Cùng bạn bè nói dối bố mẹ là ra nước ngoài làm việc, nhưng thực tế là làm một số chuyện phạm pháp nên bị bắt vô nhà đá ngồi 3 năm, sau được giảm án xuống còn 2 năm rưỡi.  >> Tiêu sạch hơn 100k tệ vào game, đến bây giờ mẹ tôi vẫn nghĩ tôi đang có một khoản tiết kiệm không nhỏ.  -Miao- #wbvn",2023-11-27 23:36:19,244
729971205830259,Nhật ký đi làm của bác bảo vệ: Hôm nay vừa “nhổ” lên được hai “cây” mèo   Ảnh: AA,2023-11-27 23:24:09,254
729950299165683,"Học trên mạng được một cách ”treo” đồ skincare, đồ dùng trong nhà tắm vừa gọn gàng, tiết kiệm không gian, vừa tiện lợi dễ dùng   Cre:   -Miao- #wbvn",2023-11-27 22:36:17,404
729932089167504,"CHỈ MỘT CÂU NÓI CỦA DÌ QUẢN LÝ KTX ĐÃ KHIẾN CẢ ĐÁM FA LẪN HỘI KHỔ VÌ TÌNH CÙNG NGỘ RA CHÂN LÝ  Đoạn video quay lại cảnh dì quản lý KTX “chỉ điểm” cho nhóm sinh viên đại học bài học về tình yêu đã trở nên viralXem thêm trên MXH xứ Trung. Chỉ một câu nói đơn giản nhưng đã giúp rất nhiều CDM như được “giác ngộ chân lý”.  [266k likes] “Kể cả có là đứa nhóc hướng nội nhất đi chăng nữa, thì chỉ cần là với cô gái mà mình thích, nó cũng sẽ có chủ đề để nói chuyện cùng cô ấy. Nếu cháu nói cháu không biết nói gì với cô ấy, vậy tức là cháu không thích người ta, cháu chỉ đang nhất thời xúc động mà thôi” -Dì quản lý KTX-  [57k likes] Thực sự thích một người thì có hướng nội đến mấy đi chăng nữa cũng sẽ chủ động [56k likes] Bạn phải biết rằng tên gọi khác của dì quản lý KTX chính là “người thầy cuộc sống” [42k likes] Dì quản lý KTX không chỉ quản lý việc đi ngủ của chúng mài mà còn quản cả việc chúng mài mất ngủ nữa đó",2023-11-27 21:56:13,894
729905999170113,"Bỗng nhiên nhận ra, thói quen chi tiêu và tiết kiệm của bản thân rất “độc hại”:  Buổi sáng nhịn ăn, không tốn đồng nào. Buổi trưa mang cơm từ nhà đi, không tốn đồng nào. Buổi tối về nhà cơm có bố mẹ nấu sẵn,Xem thêm không tốn đồng nào. Hằng ngày đi làm di chuyển bằng xe điện, không tốn tiền đổ xăng. Nhưng đến 11.11 lại tốn hơn nửa tháng lương mua đủ thứ trên Taobao…  Lại còn sắp đến 12.12 nữa chứ ",2023-11-27 20:57:43,118
729881232505923,"Bức ảnh này của Bạch Kính Đình và Tống Dật được netizen Trung miêu tả là trông rất giống một cặp vợ chồng trong ngày trọng đại của mình, trong khi cô dâu đang tay bắt mặt mừng với bạn bè thì chú rể lặng lẽ đứngXem thêm bên cạnh, nở nụ cười trìu mến và ánh mắt vẫn luôn nhìn cô dâu   Đu couple này là ngọt ngào không lối về   -Miao- #Wbvn",2023-11-27 20:00:01,40
729873829173330,TÔI MỖI KHI GẶP CHUYỆN MAY MẮN NÀO ĐÓ   Tác giả:   -Cá- #weibovietnam #wbvn #news #comics,2023-11-27 19:39:49,46
729843602509686,"Đây không phải là sự trùng hợp, đây chính là “duyên phận”   -Miao- #wbvn",2023-11-27 18:22:08,15
729807465846633,"Cùng là thân phận Quý phi, nhưng mỗi người lại mang một khí chất khác nhau. Khuôn mặt Chân Hoàn lấp lánh ý cười, nhưng trong mắt chẳng còn chút tình ý nào. Niên Thế Lan vẫn mang vẻ ngang ngược, cao ngạo, nhưng trong lòng vẫn luôn dành tình cảm cho người đó.  -Miao- #Wbvn",2023-11-27 16:44:17,44
729799775847402,NHỮNG GÓC QUAY SÁNG TẠO ĐẦY “KHÓ HIỂU” TRONG “NINH AN NHƯ MỘNG” VẪN ĐANG BỊ CNET PRESSING ĐẾN CHẾCH ,2023-11-27 16:22:50,1033
729710322523014,Dù có là cảnh khuyển thì sáng thứ 2 đi làm vẫn bùn ngủ như thường ,2023-11-27 12:08:02,595
729669449193768,Cái kết của người đờn ông vô cùng đờn ông không thèm xài kem chống nắng.  #wbvn #weibocosmetics #kemchongnang,2023-11-27 10:09:43,847
729447775882602,"Buổi tối xuống hầm gửi xe ra ngoài có chút việc vô tình nhìn thấy chiếc xe này, cùng bộ sưu tập vịt con cute của chủ xe. Tôi bèn quyết định chạy lên nhà, lấy xuống 2 em vịt có màu mà chủ xe chưa có, để lên muiXem thêm xe tặng cho người ta   Cảm giác gặp người cùng sở thích cũng vui dữ. Hy vọng người anh em kia sẽ thích món quà nhỏ này của tôi   Cre: ",2023-11-26 22:56:27,829
729407202553326,QUẦN ÁO CON GÁI HAY MUA VS THỨ MÀ CÔ ẤY HAY MẶC   Tác giả:   -Cá- #weibovietnam #wbvn #news #comics,2023-11-26 21:30:35,66
729400219220691,"Ngày mai tôi có hẹn đi ăn với nhóm bạn thân của bạn trai, nên chọn bộ nào bây giờ???  >> Chọn sang bộ khác được không chủ thớt? Thớt mặc như này là cả cái bàn tiệc chỉ có mình thớt đóng vai trưởng bối của họ đó.Xem thêm  >> Nói thực lòng, mẹ tôi đầu 4 rồi cũng không mặc già như thớt ý.  >> Nếu body thớt đẹp như ảnh thì đổi phong cách khác xem sao...  Cre:   -Miao- #Wbvn",2023-11-26 21:14:26,309
729368402557206,LOẠT BIỂU CẢM ĐÁNG YÊU CỦA NGU THƯ HÂN KHI “HÍT KE” COUPLE “KHÔNG CÔNG KHAI NHƯNG AI CŨNG BIẾT” TỐNG DẬT - BẠCH KÍNH ĐÌNH ,2023-11-26 19:55:47,72
729295562564490,"Hôm nay đi vườn thú Thành Đô gặp được em bé này, nhìn qua thì rất giống Hoa Hoa nhưng không phải. Chắc là ẻm chưa được đặt tên và công bố ra bên ngoài, nhưng dự kiến sẽ lại là một “tiểu lưu lượng” mới trong Pandabiz tại ẻm cute quá trời, còn biết giơ tay chào khách kìa ",2023-11-26 16:33:58,141
729201372573909,Những buổi tập luyện trước Công Diễn 1 của Chị Đẹp Đạp Gió Rẽ Sóng 2023 chứa đầy những khúc mắc và tranh cãi chứ không ấm êm như chúng ta vẫn nghĩ?,2023-11-26 12:22:42,12
729194079241305,Chàng trai này hiện tại đang khá hot trên MXH Trung Quốc vì vũ điệu làng lá siêu cuốn cùng khuôn mặt khá giống Vương An Vũ.  Nhiều netizen Trung còn đặt biệt danh cho anh chàng là “Vương An Vũ của Haidilao”. ,2023-11-26 12:00:06,438
729123932581653,"Tìm lại được trong máy bức ảnh hồi mới xuất gia. Khi đó còn không cần dùng đến app chụp ảnh hay PTS, bây giờ thì không được rồi   Cre:   -Miao- #Weibovietnam",2023-11-26 08:59:54,28
728934739267239,[J4F] Đây chính là điểm khác biệt giữa một cặp đôi không cần công khai nhưng cả thế giới đều biết đang yêu nhau vs. một cặp đôi đang tương tác tạo chems ,2023-11-25 23:12:49,87
728895169271196,[HOT SEARCH] KHUÔN MẶT ĐẦY BIỂU VẢM CỦA DƯƠNG MỊCH NHƯ NGHE ĐƯỢC CHIẾC DƯA KHÓ TIN NÀO ĐÓ TỪ CÁC NGHỆ SĨ KHÁC TRONG CÁC SỰ KIỆN   Mịch tỷ và những chiếc biểu cảm đã trở thành meme   -Miao- #WeiboVietNam #wbvn,2023-11-25 21:44:44,53
728876309273082,Nếu Anh Đi tại Chị Đẹp Đạp Gió Rẽ Sóng 2023 phiên bản mỏi cột sống genZ. Là sao nữa zẫy!,2023-11-25 21:00:57,21
728859635941416,"Hôm nay công ty tôi có buổi phỏng vấn các ứng viên ứng tuyển vào. Sếp giao cho tôi phụ trách phỏng vấn một vài người, lúc ra ngoài chuẩn bị gọi ứng viên vô phòng, tôi đã bị bất ngờ vì sự chỉn chu ngay từ cáchXem thêm ăn mặc của ứng viên này, chắc là sinh viên mới ra trường vì trông khá trẻ.  Không tiện chụp ảnh mặt người ta nên tôi đã lựa góc này, nhưng chỉ nhìn từ bộ vest và dáng ngồi, hẳn là mọi người cũng thấy trên người cậu trai trẻ này toát ra một khí chất rất tuyệt vời.  Chẳng hiểu sao rất mong cậu ấy có thể “đầu quân” vào công ty của tôi.",2023-11-25 20:23:42,266
728778415949538,"Cách tôi giảm bớt cơn ghiền mua sắm của mình: nhìn thấy chiếc váy đẹp nào thì tự PTS mặt mình vào, chỉnh sao cho body giống với bản thân nhất. Sau đó tự thấy xốu quá mà hết hứng mua luôn ",2023-11-25 17:26:28,760
728757852618261,"Bà nội luôn luôn đem đến cho tôi hết bất ngờ này đến bất ngờ khác. Không chỉ riêng chiếc ghế sô pha này, mọi đồ vật bị rách trong nhà đều nở hoa rực rỡ qua đôi bàn tay của bà ",2023-11-25 16:27:10,68
728692749291438,Đón sinh nhật ở ký túc xá cùng các bạn là trải nghiệm vui vẻ nhất trong quãng thời gian còn học ĐH của tôi   Cre: ,2023-11-25 13:21:01,64
728409632653083,"HÔM NAY TÔI PHÁT HIỆN RA BẠN CÙNG PHÒNG ĐÃ LẤY ĐỒ LÓT CỦA TÔI DÙNG  Hôm nay tôi đi lấy quần áo phơi ngoài ban công ktx, vô tình nhìn thấy giá phơi của bạn cùng phòng có món đồ lót nhìn quen quen mắt. Tôi nhìn kỹ hơn thì phát hiện ra đó chính là chiếc quần chip tôi từng bị mất. Vì tôi khá yêu thích hoạ tiết của nó nên rất nhớ mà tìm mãi không thấy đâu. Tôi còn tưởng mình bỏ quên ở nhà hoặc phơi đồ bị gió thổi bay mất rồi nên không để tâm nhiều.  Cho đến hôm nay, khi nhìn thấy chiếc quần (mà tôi khá chắc) là của mình, tôi còn cẩn thận lên taobao check lại ảnh ở lịch sử mua hàng. Sau đó, tôi đợi bạn cùng phòng ra ngoài bèn lấy xuống check kỹ hơn. Cuối cùng, tôi đã chắc chắn, đó là chiếc quần con tôi bị mất, không thể nhầm được.  Bỗng nhiên tôi nhớ ra khi trước đã có lần bạn cùng phòng khác kể rằng cô bạn kia có thói quen “cầm nhầm” đồ của người trong phòng nhưng rất mạnh miệng nhận là đồ của mình. Đến khi mọi người hỏi thẳng thì luôn mồm nói mình cũng mua một chiếc giống y đúc, mọi người sống theo phương châm nhịn được thì nhịn nên cũng đành bỏ qua.  Đến lúc này là tôi đã thấy cấn lắm rồi, lấy quần áo xinh đẹp còn có thể hiểu được, đây lại là đồ lót, quá là kỳ cục rồi.  Trước khi vào ktx, tôi đã từng nghe nhiều anh chị khó trên khuyên rằng sống tập thể thì chuyện gì nhìn được vẫn nên nhịn. Nhưng bây giờ thì tôi thấy, không thẳng thẳn lên tiếng thì người thiệt chỉ có mình thôi!!!",2023-11-25 00:01:41,266
728345275992852,Một bức ảnh chứng minh kỳ thi vào các trường Nghệ thuật của Trung Quốc khốc liệt đến mức nào ,2023-11-24 22:07:12,220
728341012659945,"ĐỘC LẠ BLACKFRIDAY: CHỊ EM VỪA SĂN SALE LẠI CÒN VỪA ĐƯỢC NGHE HÁT LIVE CỰC HOÀNH TRÁNG  Vâng, sự kiện Thứ 6 đen tối năm nay của tôi nó lạ lắm. Không chỉ có thể mang về những món đồ hàng hiệu giảm giá 50% mà lạiXem thêm còn được đu idol ngay tại Vincom Megamall Smart City sang xịn mịn.  Tự nhiên đang đi lượn lờ sắm đồ trong TTTM mà va ngay phải Mỹ Anh trên sân khấu đang trình diễn ca khúc “Một ngày mới”. Ngay sau đó, Trúc Nhân lại tiếp tục phá đảo cả TTTM với 4 ca khúc Thật bất ngờ, Có không giữ mất đừng tìm, Sáng mắt chưa, Bốn chữ lắm. Vừa cổ vũ vừa hát theo nên các chị em bên dưới ai cũng lạc hết giọng.  Kết thúc buổi biểu diễn tôi vẫn chưa tin là năm nay thứ 6 đen tối lại sôi động thế này. Nỗi buồn cạn ví cũng được vơi đi phần nào nhờ màn đu idol ảo ma Canada. Vincom Megamall Smart City năm nay keo lỳ lắm nha!  #VincomBlackFriday2023 #Vincom #Giovanggiasoc #Toyderland",2023-11-24 21:58:26,29
728311765996203,"NO1 HOTSEARCH (BGT): NGÔ DIỆC PHÀM PHẢI NGỒI NHÀ ĐÁ Ở TRUNG QUỐC 13 NĂM, SAU ĐÓ MỚI BỊ TRỤC XUẤT KHỎI NƯỚC  Ngoài ra, sau khi bị trục xuất, Ngô Diệc Phàm sẽ không được nhập cảnh Trung Quốc trong vòng 10 năm - theo phán quyết của Tòa án nhân dân số 3 Bắc Kinh (Trung Quốc)  -Miao- #wbvn",2023-11-24 21:01:08,212
728311602662886,"25 nồi bánh chưng, từ khi thành thiếu nữ là chưa biết mịn màng đánh vần như nào  da cứ dầu nhờn, sờ lên mặt lôm côm mụn ẩn. Sau 3 năm gia nhập bộ môn treatment, tui sẽ lên dàn model retinol từ QTe tới VN theo thứ tự nhẹ nhàng tới hardcore để ce tùy gu mà lựa nha.  1⃣ Tinh Chất Tái Tạo Da Kiehl's Retinol 0.1% 0.1% công nhận dịu nhẹ thật nha, ko có cảm giác đang treatment lun :)) nghe đồn có công nghệ bọc vi nang nên hạn chế kích ứng, tui xài trộm vía là êm, có 0.1% mà. Thêm Niacinamide, ceramide và peptides nên mấy bạn mới hoặc muốn chống lão hoá về lâu dài cũng đc  Em này thấm nhanh, ráo da, có đợt tui buồn ngủ quá ko dưỡng ẩm mà da vẫn ko khô quá. Nhưng vì nhẹ quá nên với tui là ko đủ đô. Xài 2 tháng thấy da căng hơn, còn hiệu quả giảm mụn thì hơi lâu nên các ce cần kiên nhẫn. Giá bé này thì cao á, mà tui vẫn mua dùng thử, nghĩ lại vẫn thấy thật chịu chi :))  Giá: 1.750K - 2.600K (30-50ml)  2⃣ Tinh chất Vivant Exfol-A Em này thì có Retinyl Propionate và quá trời acids, nghe hoảng ko ạ? :))) Nhưng ít kích ứng, tui xài ko bị khô đỏ hay bong tróc mạnh bạo, dù có đợt xài 3 ngày liên tục. Xài lâu (~4 tháng) thì có tdung rõ trên vùng mụn và cũng căng bóng ổn áp. Tui khá ưng vì khô cồi nhanh còn giảm thâm thì hơi lâu, chẹp. Hay do tui hối hả quá ta? :)) Serum vàng sệt, thấm cũng khá nhanh trên da cơ mà cái mùi ui chu choa là hắc. Mùi xộc lên như mùi giấm cồn  Cũng do thiết kế dạng ống bơm, mở ra bị hít nhiều mùi hơn, mà còn dễ oxy hóa nữa. Giá thì trong ""diện nhà giàu"" á, tui đu thử thui chứ để mua lại thì cũng cân nhắc á.  Giá: 1.900K/30ml  3⃣ Tinh chất Retinol cho da dầu, mụn - Acnetinol Em này đại diện VN, từ Zakka Naturals. Có 0.5% Retinol và Retinyl propionate luôn ồ quao  đc đánh giá ngang ngửa Tretinoin. Sợ Tre lắm vì nó khô, nó ráttt. Nhưng e này có Retinyl lành tính hơn, thêm công nghệ bọc microcapsules (hãng nói) nên hoạt chất dc rải đều chứ ko ồ ạt trên lớp màng da  Mới treatment hay chơi Re lâu r cũng ok. Em này ko bị mùi, sánh sệt nhưng thấm nhanh, mướt như bôi dưỡng :)) mua thử xem Re VN nó sao mà trvia tui xài tới nay mới hơn 20 ngày, thấy da giảm tiết dầu, lcl có vẻ được cải thiện, hay tại da căng hơn nên thấy vậy?  Công dụng chính là giảm mụn thì tui đang chờ thêm coi sao nhưng trước mắt thấy có khô cồi nhanh và giảm sưng đỏ nè. Brand Việt giá cho ng Việt, duyệt!  Giá: 850K/30ml  4⃣ Kem Retinol chống lão hoá Obagi 1% Ỷ y đã xài mấy nồng độ thấp r quất luôn em 1%, banh toàn tập  Ta nói ham quá trả giá liền :))) khuyên thật ce mê gì thì mê chứ cứ chơi 0.5% trc cho tui. Da mới đầu okie xong khô nặng cả mặt, như đợt đắp Tre. Đoạn này phải lao đầu vào phục hồi tới bến. Tầm 3-4 tháng, da như được thay áo mới, ko cần trang điểm lun.  Texture em này màu vàng đục và hơi đặc xíu. Với tui thì thẩm thấu ko nhanh, thoa xong phải massage 1 lúc. Lại nói về mùi, nó hắc hắc kiểu hóa học á. Ce nào treatment hardcore hãy múc nha. Giá tuýp 28g (~ 30ml) cũng khá chát. Hồi đó thấy tiếc tiền nên bấm bụng xài tiếp chứ ko là bỏ ngang r:)))  Giá: 1.620K - 1.750K/28g (Tùy nồng độ)  5⃣ Kem Zo Brightener 1% Lúc da lên levlel, tui múc kiểu khô máo chuyến này  Xài khoảng 1-2 tuần đầu chưa có dấu hiệu gì, sang tuần thứ 3 là da đỏ, cứ ngứa ngứa châm chích, đêm ngứa ko dám gãi, hối hận thật sự. Cái xong cấp ẩm cật lực (vì có knghiem r) tầm 2 tháng sau da bóng loáng soi gương đúng nghĩa luôn. Chất kem em này nhẹ, dịu trên da, thấm nhanh. Mùi hơi hắc nhẹ, kiểu style mấy hoạt chất mạnh bạo hay gì? :)) Hãng này nói ẻm có công nghệ Oleosome giải phóng Retinol có kiểm soát. Giá về tay thì ""đau ví"" tận tháng sau, ma xui quỷ khiến hôm mua hết 30ml, lựa luôn 50ml mới chiến :))  Giá: 1.850K - 2.150K (Tùy nồng độ)  Thế này đã đc gọi là từ 'starter' đến master chưa các ce?  Tâm huyết của tui á. Review thế thôi chứ phải xài từng thứ riêng để test hiệu quả nha. Tết này muốn đẹp thì treatment ngay từ giờ còn kịp mí bà ơi!",2023-11-24 21:00:45,84
728262226001157,LÝ DO SÁNG NÀO CŨNG BỊ BẠN CÙNG PHÒNG “XỬ LÝ”  Tác giả:   -Cá- #weibovietnam #wbvn #news #comics,2023-11-24 19:13:22,343
728241076003272,"“Tình thú” của mấy đôi vợ chồng già là thứ mà giới trẻ cũng rất khó nghĩ ra. Như bố mẹ tôi, ở nhà chán quá liền lôi cái khăn kẻ caro ra, dùng nấm trắng và nấm nâu để chơi cờ vây   Mẹ tôi thường sẽ bị thua, mà mỗi lần thua là lại giận dỗi để bố tôi dỗ =)))  Cre:   -Miao- #WeiboVietNam #wbvn",2023-11-24 18:30:55,156
728113399349373,[J4F] Hình ảnh miêu tả chân thực của My Trang tỷ tỷ và Chân Hoàn muội muội khi Chân Hoàn thất thế ,2023-11-24 12:20:28,27
728072426020137," VẺ ĐẸP CỔ KÍNH CỦA NHÀ MÁY XE LỬA GIA LÂM 120 TUỔI ĐANG KHIẾN CỘNG ĐỒNG MẠNG PHÁT CUỒNG   Dạo này Hà Nội đang mùa đẹp hay sao mà các công trình Kiến trúc cổ thi nhau thay áo mới. Từ Văn Miếu, Bốt Hàng ĐậuXem thêm đến Nhà máy xe lửa Gia Lâm khiến dân tình thi nhau lên kèo trải nghiệm.  Chuyến tàu di sản thuộc Lễ hội thiết kế sáng tạo Hà Nội 2023 đang là một trong những sự kiện cực kỳ nên trải nghiệm nha mọi người ơi. Không gian siêu rộng và có quá nhiều điều tuyệt vời nhưng mê nhất chắc là chỗ trưng bày sáng tạo vẽ trên mui xe ô tô. Nhìn ấn tượng thực sự luôn á. Mấy chỗ triển lãm đồ thủ công cũng siêu đẹp nữa!!  Để đến Nhà máy xe lửa Gia Lâm, cả nhà có thể đi tàu từ Ga Hà Nội - Ga Gia Lâm nha. Vé tàu thì mọi người lên Ví VNPAY và các Ứng dụng ngân hàng đặt vé nhé vì đang có ưu đãi giảm 40% cho tất cả các khách hàng!  Rủ bạn bè, người yêu đi trải nghiệm đi nào!!  Ảnh: THUỲ CHI, TRẦN VIỆT ĐỨC/VIETNAMNET #VNPAY #DATVETAU",2023-11-24 10:31:35,38
727843219376391,"SAU KHI ĐI LÀM, TÔI MỚI THỰC SỰ THẤU HIỂU KHOẢNG CÁCH GIỮA NGƯỜI CÓ TIỀN VÀ NGƯỜI KHÔNG CÓ TIỀN  Cùng là đi làm, nhưng sáng nào tôi cũng phải dậy sớm hơn 45ph chuẩn bị đồ ăn sáng và ra ga tàu điện ngầm sớm choXem thêm kịp giờ đi làm, lúc nào cũng lỉnh kỉnh vội vàng. Còn đồng nghiệp có xe nên có thể đủng đỉnh đến văn phòng, trông rất thoải mái.  Lúc trước đi học chẳng bao giờ tôi để ý điều này, tốt nghiệp rồi, bước chân vào xã hội rồi mới thực sự nhận ra.  Cùng là giảm cân, hầu như tôi chỉ ăn đồ luộc, ăn ức gà, uống nước lọc thay đồ ngọt, có lúc còn “nhẫn tâm” để bản thân nhịn đói. Còn đồng nghiệp thì có thể mua những món đồ healthy được chế biến tỉ mỉ, ăn vừa tốt vừa ngon…  Bỗng nhiên cũng có chút tủi thân…  Cre:   -Miao- #WeiboVietNam #wbvn",2023-11-23 23:16:02,1086
727824586044921,"Địch Lệ Nhiệt Ba và Cổ Lực Na Trát đọ sắc tại thảm đỏ Vogue tối nay: mỗi người một vẻ, đều là mỹ nữ mang sức cuốn hút riêng biệt   -Miao- #WeiboVietNam #wbvn",2023-11-23 22:33:44,161
727782616049118," BLACK FRIDAY ""2 TRONG 1"": SĂN SALE SĂN CẢ IDOL TẠI VINCOM   Ngoài kia không biết thế giới săn sale kiểu gì, còn tin chuẩn cho anh em là 24.11.2023 tới đây tại Vincom Mega Mall Smart City có loạt deal “sậpXem thêm sàn” từ các thương hiệu nổi tiếng, quà tặng hấp dẫn có giá trị lên tới 50.000.000VNĐ,…  Chưa dừng lại ở đó, sự góp mặt của ca sĩ Trúc Nhân và Mỹ Anh cùng loạt hit đình đám, hứa hẹn “up mood” săn sale, đỉnh miễn bàn! Mời anh em vào việc:  Thời gian: 19:10 - 20:10 ngày 24.11.2023  Địa điểm: Sảnh sự kiện Vincom Mega Mall Smart City  #Vincom #VincomBlackFriday2023 #GioVangQuaSale #Toyderland",2023-11-23 21:00:10,24
727770329383680,"[MINI GAME] TÌM ĐIỂM KHÁC BIỆT - RINH QUÀ ĐÃ THIỆT  Bạn có phải là một “fan cứng” của nam thần Dương Dương?? Bạn nghĩ sao nếu có cơ hội sở hữu một chiếc gối xinh xắn in hình Dương Dương?  Nhìn vào bức hình bên dưới, hãy tìm vị trí Dương Dương trong vai trò Đại sứ Thương hiệu HONOR. Gợi ý cho các bạn, anh nhà trong vai trò đại sứ thương hiệu có sự khác biệt so với những Dương Dương còn lại là ảnh đang sở hữu trên tay một siêu phẩm điện thoại mà thương hiệu vừa ra mắt vào tháng 11 này. Các bạn đã tìm được vị trí đó chưa, tiếp theo để nhận được phần quà may mắn, các bạn chỉ cần thực hiện các bước siêu “i dì” dưới đây:  Bước 1: Hãy like và share bài viết này về trang cá nhân ở chế độ công khai kèm caption HONOR x Dương Dương.  Bước 2: Chụp màn hình và khoanh vào vị trí Dương Dương đại diện cho thương hiệu HONOR mà bạn tìm thấy.  Bước 3: Bình luận dưới bài viết ảnh chụp màn hình từ bước 2, comment 3 chữ số may mắn (0 - 999) và tag hai người bạn cùng tham gia kèm hashtag #HONORxDươngDương.  GIẢI THƯỞNG: 30 chiếc gối xinh xắn in hình Dương Dương  Thời gian: 23/11/2023 - 28/11/2023. Tụi mình sẽ gửi tặng phần quà đặc biệt này cho 30 bạn trả lời đúng và có số may mắn trùng khớp với số quay. Số quay may mắn sẽ được quay ngẫu nhiên tại trang random.org. Kết quả sẽ được thông báo trên Weibo Việt Nam vào ngày 3.12.2023. Lưu ý: - Các bạn cần làm đủ các bước theo đúng quy định. - 30 bạn có comment chính xác nhất và may mắn nhất sẽ được nhận quà. - Mỗi phần quà sẽ là 1 lượt quay riêng, kết quả của mỗi lượt quay sẽ được tính cho người có cmt trùng khớp gần nhất với kết quả quay - Mỗi tài khoản chỉ được tham gia 01 lần, một tài khoản thực hiện nhiều comment sẽ được tính là không hợp lệ. - BTC sẽ trao quà cho người chơi may mắn trúng giải dự kiến trong vòng 30-45 ngày kể từ khi người chơi cung cấp đầy đủ thông tin nhận giải. - Phạm vi tham gia: trong khu vực lãnh thổ Việt Nam. #HONORxDươngDương #Minigame #CHUANMUCGHINET",2023-11-23 20:33:31,61
727762852717761, NO 1 HOT SEARCH (BẠO ĐỎ): NA TRÁT HẠ GỤC KHÁN GIẢ TRONG NHÁY MẮT VỚI VISUAL BỪNG SÁNG TRONG SỰ KIỆN VOGUE TỐI NAY,2023-11-23 20:15:06,150
727755176051862,"Bó hoa to rực rỡ này do anh chồng của một sản phụ đến sinh ở bệnh viện tôi. Các y tá nữ và nhiều sản phụ khác được một phen ngưỡng mộ, trầm trồ không thôi. Hoá ra cảm giác được gả cho đúng người chính là như thế   Cre: Shelly",2023-11-23 19:58:52,83
727678822726164,"Thật hâm mộ bé khoai tây chiên này quá, chắc hẳn bé đã có một tuổi thơ cực kỳ hạnh phúc nhỉ, chỉ nhìn vào bức ảnh này thôi tôi đã cảm thấy sự ngọt ngào và vui vẻ lan toả xung quanh rồi.  Ảnh: BinLee",2023-11-23 16:38:13,388
727301219430591,"Kiếp nạn mùa đông: thích mặc đồ ngắn nhưng nếu không mặc kèm quần tất thì sẽ bị lạnh, còn nếu mặc kèm thì ",2023-11-22 23:32:02,340
727296339431079,KHI QUÀNG THƯỢNG THẤY LỆNH TRUY NÃ CỦA MÌNH KHÔNG BIẾT NÓ CÓ CẢM TƯỞNG NHƯ THẾ NÀO NHỈ?  Liệu nó có tí ăn năn hối lỗi đau buồn thương tiếc gì không? Tôi đoán là không hahahahahahaah  Ảnh: ,2023-11-22 23:18:57,47
727251486102231,"SỰ THAY ĐỔI CỦA MỘT CÔ GÁI TRƯỚC VÀ SAU 1 NĂM TU ĐẠO  Bên phải là ảnh chụp CCCD từ năm ngoái, bên trái là ảnh thẻ vừa chụp cách đây 2 ngày  Ảnh:   >> Không hiểu sao nhưng nhìn ảnh bên trái có cảm giác lông màyXem thêm giãn ra khoan khoái dễ chịu, như kiểu nhìn thấu hồng trần rồi ấy >> Có cảm giác như sau này nhất định sẽ sống lâu hơn so với hồi trước ấy >> Có thể bạn chưa biết: Xuất gia cũng cần có bằng đại học >> Ánh mắt trở nên kiên định hơn nhiều so với trước kia rồi >> Đây là công việc hay là sở thích? Nếu là công việc thì điều kiện tuyển dụng là gì vậy?",2023-11-22 21:38:00,305
727206549440058,Hạnh phúc là khi bản thân có một đứa bạn sẵn sàng “liều mạng” chụp ảnh cho mình như thế này ,2023-11-22 20:01:54,93
727181989442514,"TRỜI LẠNH RỒI, AI CŨNG MUỐN CÓ MỘT CÁI ÔM ẤM ÁP   Tác giả:   -Cá- #weibovietnam #wbvn #news #comics",2023-11-22 19:08:13,538
727128066114573,Quốc bảo Du Ái ngoài đáng yêu ra thì còn biết làm xiếc   -Miao- #WeiboVietNam #wbvn,2023-11-22 17:04:54,323
726794902814556,"SAU KHI VỀ SỐNG CHUNG, BẠN TRAI KIÊN QUYẾT ĐÒI CHIA TIỀN SÒNG PHẲNG VỚI TÔI  Bạn trai đã đi làm, có thu nhập ổn định. Tôi vẫn còn là sinh viên ĐH, phần lớn thời gian đều ở trên giảng đường 70% tiền phòng do anh ấy trả, sau khi cả 2 đã thương lượng với nhau. Nhưng tôi có cảm giác, bạn trai tôi vẫn luôn cảm thấy bất mãn trong lòng. Thế nên ngoài tiền phòng ra, anh ấy khăng khăng đòi phải chia đôi mọi tiền sinh hoạt khác với tôi.  Đầu tiên việc dọn ra sống cùng nhau là ý của anh ấy, nói là để tôi có thời gian cuối tuần nghỉ ngơi cho tốt, không phải bon chen trong ký túc xá. Bây giờ có mấy đồng bạc lẻ cũng đòi chia đôi sòng phẳng với tôi. Có đôi lúc ra ngoài, tôi thấy mất mặt quá nên giành phần trả hết luôn. Nói là chia đôi nhưng tôi lại thấy mình đang bỏ ra nhiều hơn.  Dạo này trời trở lạnh, tôi để quên quần giữ nhiệt ở quê nên muốn mua thêm một chiếc nữa, nhưng lại phát hiện ra không có đủ tiền. Tôi mượn tạm bạn trai một ít, anh ấy vẫn đưa nhưng không quên trách móc tôi tiêu xài không có kế hoạch. Tôi cọc lại luôn, nói tôi là con gái, cần chăm chút cho ngoại hình nhiều hơn phái nam nên cũng cần mua nhiều đồ hơn. Mỗi lần đi chơi với anh ấy, tôi đều trang điểm rất kỹ, tiền đồ trang điểm cũng đâu có rẻ.  Bạn trai nghe xong cũng xuôi xuôi, nhưng chỉ được một khoảng thời gian lại bắt đầu cằn nhằn như ông già. Thật là mệt mỏi...  -Miao- #Wbvn",2023-11-22 00:20:40,720
726782732815773,"LÚC HÔN NHAU, TIẾNG KÊU “ƯM A” CỦA BẠN GÁI THỰC SỰ KHIẾN TÔI NHƯ MUỐN ĐI*N LÊN MÀ  Hôm đó tan học xong thì xung quanh cũng chẳng còn mấy người nữa, chúng tôi nắm tay nhau lặng lẽ đi trên đường, đến một đoạn thì tôi thấy không khí lên cao lắm rồi, càng ngày càng mờ ám, thế là tự nhiên rất muốn hôn cô ấy.  Tôi kéo tay em, nắm thật chặt đôi bàn tay nhỏ bé ấy để nó nằm gọn trong lòng bàn tay mình, mắt tôi nhìn em chăm chú, rồi chầm chậm chúng tôi rẽ vào một góc khuất, cả hai bắt đầu không nói gì nữa, em ngẩng đầu lên nhìn tôi bằng đôi mắt sáng long lanh. Tôi có thể cảm nhận được rõ ràng sự căng thẳng nơi em, em nuốt xuống một hơi, yết hầu chuyển động lên xuống, hơi thở cũng trở nên gấp gáp hơn. Còn tôi thì cứ mải nhìn đôi môi của em, hận không thể ngay lập tức ấn chặt em lên tường…  Sau đó, ngay lúc nước sôi lửa bỏng thì lại có người đi ngang qua chào chúng tôi, tôi không thèm ngẩng đầu lên nhìn, mắt vẫn dán chặt vào môi em, qua quýt chào lấy lệ chỉ mong thằng cha không biết từ đâu nhảy ra kia mau mau chóng chóng đi luôn đi.  Tay tôi vẫn ở dưới mười ngón đan chặt với em, chờ đến khi xung quanh thực sự không còn một người nào nữa tôi mới không nhịn được từ từ cúi đầu xuống, em cũng nhẹ nhàng ngước đầu lên đón lấy tôi, cứ như vậy hơi thở quấn quýt, hai đôi môi không cách nào tách rời được nữa, thỉnh thoảng em còn phát ra những tiếng ngâm nga khiến tôi càng không thể dừng lại được…  under: bên dưới hand: tay underhand (adj: bí mật, lén lút) [Đặt bàn tay xuống dưới và bí mật đan xen những ngón tay lại với nhau]",2023-11-21 23:53:15,368
726758252818221,"Từ tấm lưng bên trái trở thành tấm lưng bên phải, chỉ có bản thân tôi biết rốt cuộc mình đã trải qua những gì.  -Miao- #Weibovietnam #wbvn",2023-11-21 23:10:19,122
726732216154158,"THÌ RA MUỐN CHIA TAY CHỈ CẦN MỘT KHOẢNH KHẮC MÀ THÔI  Đến bao giờ các anh con trai mới ý thức được là tóc của các anh cũng là tài sản chung của hai người!!!!! Tại sao lại cứ phải đi cắt tóc, mà còn là kiểu tóc xấu đau xấu đơn thế kia cơ chứ!!!!!",2023-11-21 22:16:49,1282
726717959488917,"Đi tắm skincare các thứ xong, ra ngoài nhìn cảnh tượng này trên giường, bỗng nhiên tự cảm thấy bản thân thật sự có chút dư thừa   -Miao- #WeiboVietNam #wbvn",2023-11-21 21:40:08,67
726656019495111,NGÀY NHỎ NHÌN THẤY NHỮNG THỨ ĐÁNG YÊU VS LỚN LÊN NHÌN THẤY   Tác giả:   -Cá- #weibovietnam #wbvn #news #comics,2023-11-21 19:19:35,118
726623336165046,Khi bạn có một khuôn mặt nhìn chính diện thì không đẹp nhưng góc nghiêng lại đẹp. Hiệu quả của việc biết chọn góc chụp là đây   -Miao- #WeiboVietNam #wbvn,2023-11-21 18:13:13,58
726562082837838,"NO 4 HOT SEARCH (BGT): VƯƠNG HẠC ĐỆ ĐÊM KHUYA ĐƯA VỢ CHỒNG VƯƠNG NGẠN LÂM TỚI BỆNH VIỆN SINH CON  Vương Ngạn Lâm mới đây đa chia sẻ lại câu chuyện đưa vợ đi sinh con trai đầu lòng của mình. Khi vợ anh bắt đầu chuyển dạ không có một người thân nào ở cạnh có thể giúp đỡ cả, đúng lúc đó Vương Hạc Đệ gọi điện tới hí hửng khoe với anh: “Anh, em về Bắc Kinh rồi nè!”. Trước đó Vương Hạc Đệ cũng đã dặn Vương Ngạn Lâm có chuyện gì cứ gọi em, Vương Ngạn Lâm liền không khách khí nữa lập tức gọi thằng em qua lái xe đưa hai vợ chồng tới bệnh viện.  Vương Hạc Đệ không nói hai lời chạy ngay qua, đưa vợ chồng Vương Ngạn Lâm tới bệnh viện xong anh chàng không lập tức rời đi mà còn nán lại cùng chờ. Chờ suốt mấy tiếng đồng hồ đến khi Vương Hạc Đệ gọi điện hỏi “Chị dâu sinh chưa anh?” thì Vương Ngạn Lâm mới giật mình nhận ra quên béng mất thằng em vẫn còn chờ dưới tầng 1.  Thì ra sau khi vợ tiêm thuốc tê xong, Vương Ngạn Lâm sau khi trải qua một đêm căng thẳng cũng ngủ quên mất. Cuối cùng Vương Hạc Đệ lại hỏi anh: “Em đi về ngủ được chưa anh?”, Vương Ngạn Lâm liền đáp: “Về ngủ đi, khi nào sinh sẽ báo với cậu”.",2023-11-21 15:40:07,1055
726468486180531," Lại có tin đồn Châu Dã và Tống Uy Long sẽ đảm nhận hai vai nam nữ chính trong “Khó Dỗ Dành”.  Netizen Trung kiểu: khó dỗ dành thì đừng dỗ nữa, đã quá mệch mỏi rồi   -Miao- #WeiboVietNam #wbvn",2023-11-21 11:44:47,112
726150372879009,"[Zhihu] CÓ NGŨ QUAN ƯA NHÌN NHƯNG NHÌN MẶT MỤN LÀ KIỂU TRẢI NGHIỆM GÌ? ______ Dịch bởi: Lâm Nguyễn #1 Ngũ quan thì chắc không còn gì để bàn rồi. Nhưng câu chuyện bắt đầu khi tôi bắt đầu đến Hàn Quốc học vào tháng 9 năm ngoái, đó là lúc da mặt tôi dần nổi thêm mụn. Bạn bè tôi bảo có thể do tôi không quen với điều kiện khí hậu ở Hàn Quốc. Vì từ nhỏ đến giờ tôi chỉ sống ở Thành Đô không có đi đâu khác để sống, với lại Hàn Quốc có khí hậu khá khô (không ẩm như ở Thành Đô) và tôi vẫn phải chịu đựng điều đó. Cũng bởi ban đầu tôi nghĩ rằng chắc sau một thời gian nó sẽ hết như khi ở Trung Quốc thôi, nhưng thời gian trôi qua tình hình càng ngày càng … Tôi thực sự cảm thấy tự tin, tràn đầy nhiệt huyết với cuộc sống vừa học vừa đi làm bán thời gian khi da mặt còn căng mịn như hồi ở Trung Quốc Một thời gian ở Hàn Quốc, da mặt tôi bắt đầu xấu đi và tôi bắt đầu phải đội mũ đi học. Tôi bớt trang điểm hơn, nhưng điều đó cũng không có nhiều tác dụng. Trang điểm có thể sẽ che được đi, nhưng tôi nhận ra rằng trang điểm không chỉ làm nặng thêm vấn đề về da mà còn không thể trị mụn được tận gốc. Từ khi da mặt nổi mụn, sự tự tin cũng biến mất. Chụp ảnh cũng không còn lộ mặt như trước, lại càng không chụp ảnh tự sướng với bạn bè. Vòng bạn bè Wechat 3 ngày mới xem 1 lần. Tôi chưa bao giờ đi khám da liễu ở bệnh viện đây vì trình độ tiếng Hàn của tôi kém. Hết trán rồi đến cằm rồi lại đến hai bên má, Bây giờ á không còn dám chạm vào đống mỹ phẩm trang điểm nào luôn. Sẽ thật tồi tệ khi mỗi ngày tỉnh dậy và nhìn thấy da mặt của bản thân càng ngày càng xuống dốc. Và thế là tôi đã đặt một chuyến bay trở về Thành Đô vào ngày 21 tháng 2 và mục đích quay trở về Trung Quốc không gì khác ngoài việc đi khám bác sĩ.hay phải uống thuốc bắc để cho mặt đỡ đi… Nhìn những người xung quanh tôi đi công tác, đi du lịch, đi bar nhảy múa,... hay khoe người yêu các thứ mà tôi cảm thấy ghen tị. Nhưng tôi bây giờ còn không thể nghĩ được gì khác. Đến cả tôi còn không thể chấp nhận bản thân mình thì hà cớ gì người khác có thể chấp nhận mình được. #2 Nếu có một điều ước cho tôi vào lúc này tôi sẽ ước mình có một làn da căng bóng không tì vết. Tôi cả đời này thật sự ghen tị với những cô gái có làn da đẹp. Là một cô gái hoạt bát cởi mở luôn tràn đầy tự tin như tôi, bị những vết mụn hành hạ cuộc sống hàng ngày, khiến tôi không dám nhìn thẳng vào người khác, không dám chụp ảnh, không dám ra ngoài và không dám chấp nhận bản thân như vậy chút nào. Những câu hỏi đến tôi như “mặt cậu bị làm sao thế” ,” xinh đẹp như vậy mà da nhìn chán thế”, “nhìn mặt cậu ghê vậy”,... càng khiến cho tôi thêm tự ti hơn, tôi sợ bạn bè bàn tán về những liên quan đến tôi, thậm chí tôi còn mong bản thân mình trở thành người vô hình trước mặt mọi người thì hơn. Da tôi bị lên mụn trứng cá từ khi còn học cấp hai. Lúc đó, nó có vẻ rất nghiêm trọng nhưng tôi lại không chú ý đến vẻ ngoài đó, vì vậy tôi vẫn cười đùa vui tươi mà không để tâm đến nó. Sau đó mẹ tôi dắt tôi đến vài nơi để điều trị, cách nào cũng đã làm nhưng không mấy hiệu quả. Đến cấp ba tôi đến thẩm mỹ viện trị mụn, dần dần cũng không còn vết mụn nữa, chỉ còn lại những vết sẹo mụn nhưng về cơ bản da tôi cũng không quá đẹp. Đến mùa xuân năm 18 tuổi, mụn lại quay trở lại. Lúc đó dùng khẩu trang vẫn che đi được chút, rồi đến một lần, mụn vỡ ra và… hai bên má tôi nhìn không khác gì chiến trường. Tôi rất thích chụp ảnh và cos nhưng vì mặt đầy mụn mà tôi không dám đến hội chợ anime, không dám chụp ảnh và cũng chẳng dám cos.  #3 Nhân dịp Black Friday, Weibo Việt Nam có nhận được tài trợ của thẩm mỹ viện Aqua Clinic với 50 chiếc voucher giảm 50% (1200k -> 599k) cho dịch vụ trị mụn không sưng không tấy không tổn thương mô. Voucher áp dụng tại thành phố Hồ Chí Minh thôi, cả nhà inbox code “WBVN” tại fanpage Aqua Clinic để nhận quà và thêm các voucher hấp dẫn khác nha. #weibovietnam #aquaclinic",2023-11-20 21:57:19,54
726134409547272,"Có bạn trai cùng học cùng chơi là cảm giác như thế nào? Là khi vùi đầu học hành trong thư viện sẽ rất nghiêm túc, còn đến lúc chơi thì sẽ “nổi loạn” đến mức không ai nhận ra đây là cùng một người.  *Cả 2 đều là nghiên cứu sinh của Thanh Hoa.",2023-11-20 21:22:23,305
726112569549456,BẠN TRAI TÔI KHI MỚI YÊU VS BÂY GIỜ KIỂU   Tác giả:   -Cá- #weibovietnam #wbvn #news #comics,2023-11-20 20:35:09,314
726098806217499,"Hôm nay có vị khách này đến quán tui ăn cơm, gọi đĩa thịt xào với mấy món. Người ta ăn xong rùi tui ra dọn bàn thì thấy hình ảnh này, mấy thứ người ta không đụng đũa đến cũng được xếp gọn lại nhìn thích mắt thiệt á ",2023-11-20 20:03:34,73
726097516217628," Merzy đúng là không làm chúng ta thất vọng: #WD14 trong một phiên bản keo ly không thể chối từ   Những thỏi ""Hồng - Đen"" sẽ được ngẫu nhiên trong ""Blind Box"" nha mấy bà. Săn vài túi về quay vlog unbox hòa cùng không khí cuối năm thôi!   #merzyvn #blackpinkdew",2023-11-20 20:00:33,39
726069909553722,"NO 1 HOT SEARCH (BGT): OSCAR TUYÊN BỐ “TỪ TRƯỚC TỚI NAY ÔNG ĐÂY VẪN LUÔN LÀ TRAI THẲNG” - THẲNG TAY XÉ COUPLE VỚI HỒ DIỆP THAO?  Mới đây blogger đã chụp lại được hình ảnh Oscar và Hồ Diệp Thao (CP từ chươngXem thêm trình “Sáng Tạo Doanh 4) cùng đi uống nước với nhau, ngay sau đó Oscar đã nhắn tin trong group chat với fan của mình phản hồi về vấn đề này:  “Bạn bè đi ăn với nhau mà bị nói thành bán hủ tôi thực sự không hiểu nổi…Từ trước tới nay ông đây vẫn luôn là trai thẳng, cậu ấy cũng vẫn luôn là bạn tốt của tôi.”  “Tôi thực sự không thể chịu được việc những người quan tôi tâm lại cứ xuyên tạc về tôi như thế, thế này đi, tất cả lỗi lầm đều là của tôi, thời gian này tôi sẽ không xem weibo nữa”.  Tình trạng của những người năm ây từng theo đuổi họ bây giờ kiểu: Buồn chút rồi thôi chứ mưa nào mà hỏng tạnh…",2023-11-20 19:05:57,108
726064176220962,"Câu chuyện bi ai nhất trên đời này là: mua được cốc trà sữa yêu thích, uống được một nửa, chơi một ván game, quay lại đã không còn là của mình nữa.  Mà lại không thể xử lý “kẻ chiếm hữu” ",2023-11-20 18:52:46,55
726019352892111,"12 NĂM TRƯỚC, CHỊ GÁI TÔI ĐẠT THÀNH TÍCH XUẤT SẮC Ở TRƯỜNG NÊN MẸ TÔI QUYẾT ĐỊNH MỜI CHÂU KIỆT LUÂN MỞ CONCERT LÀM PHẦN THƯỞNG CHO CHỊ  Tuy nhiên lúc đó chị gái tôi đang du học ở Canada, chuẩn bị phải thi cuối kỳ nên không thể về được, thế nên cuối cùng cái nhiệm vụ đu idol này lại rớt trúng đầu tôi. Lúc đó thực sự tôi không hề biết Châu Kiệt Luân là ai, nhưng ngay sau khi bước vào trong phòng chờ của anh, tôi đã bị khí chất “bá đạo” như mãnh hổ cùng tấm bình phong hoa mẫu đơn lòe loẹt sặc sỡ của anh khiến cho vô cùng kinh ngạc, thậm chí khi đó tôi còn cảm khái sao bà chị gái giỏi giang của mình lại phát cuồng lên vì người đàn ông trông quê quê thế này nhỉ?  Nhiều năm về sau, tôi mới biết thì ra anh ấy chính là Châu Kiệt Luân.  [243k likes] Chỉ một đoạn văn ngắn hơn trăm chữ mà sức sát thương khủng cmn khiếp luôn, mời Châu Kiệt Luân mở concert là cái trình độ như thế nào vậy?  [59k likes] Tôi từng nghe chuyện giống vậy rồi, một gia đình ở Nam Kinh muốn mời Châu Kiệt Luân hát chúc mừng sinh nhật cậu con trai của mình, Châu Kiệt Luân nói tôi không hát được, đây là bài hát của Ôn Cương, phải hát chung. Kết quả gia đình kia vung luôn 500 vạn NDT ngay trong đêm, bao cả máy bay mời Ôn Cương tới hát cùng cmnl  [20k likes] 12 năm trước là tầm 2011, thời điểm Châu Kiệt Luân nổi đình đám rồi, thế mà mời được anh ấy, đúng là có những lúc bị sự nghèo khổ của mình chọc cho phì cmn cười luôn  [43k likes] “Quyết định mời Châu Kiệt Luân mở concert” “Chị gái ở Canada” Có những lúc chỉ cần đọc vài từ khóa quan trọng mà thôi",2023-11-20 17:08:53,772
725974979563215,"ĐỪNG CÓ BO ĐÌ SAM SUNG   Một chú cáo nhỏ tên Quán Quán ở vườn quốc gia Vân Nam, Trung Quốc mới đây đang trở nên nổi tiếng trên các nền tảng MXH nhờ vào thân hình múp míp, số cân nặng vượt quá tiêu chuẩn củaXem thêm mình. Được biết chú cáo này có sở thích là ham ăn, ăn nhiều đến mức rõ ràng từ một con cáo trắng nhỏ nhắn nay biến hình thành Samoyed được luôn. Đặc biệt, khoảnh khắc “đồng bọn” xung quanh liên tục cười nhạo chú cáo vì quá múp mà không lật nổi mình đã trở nên viral, không ngờ giữa động vật với nhau cũng tồn tại cả “bo đì sam sung”...  [26k likes] Thì ra trong thế giới động vật, bíu cũng thành trò cười… [20k likes] Nhưng mà tui nhìn mấy con cáo còn lại, cũng ngang ngang với thằng bíu kia mà… [18k likes] Má cái giọng cười kia sát thương thiệt chớ",2023-11-20 15:06:53,983
725624659598247,Tổ chức kỷ niệm 2 năm ở Haidilao và được nhân viên chuẩn bị cho một chiếc bánh bé bé siêu xinh. Cưng xỉu á  Cre:   -Miao- #WeiboVietNam #wbvn,2023-11-19 23:05:46,14
725589756268404,BẠN RỦ ĐI CHƠI 1001 LÝ DO NHƯNG KHÔNG RỦ 1 BUỔI THÔI LÀ DỖI NGAY ĐƯỢC   Tác giả:   -Cá- #weibovietnam #wbvn #news #comics,2023-11-19 21:50:12,150
725553656272014,Thẩm Đằng và những chiếc biển quảng cáo bất ổn: chính chủ nhìn thấy cũng phải khóc thét   -Miao- #WeiboVietNam #wbvn,2023-11-19 20:27:28,44
725510889609624,BÍ MẬT ĐỂ NHÌN THẤU THỜI GIAN CỦA BÀ NỘI:  Rốt cuộc thì bà đã một mình ngồi đó nhìn ra bên ngoài bao nhiêu lâu mới có thể nhìn ra điều bí mật này cơ chứ?,2023-11-19 19:04:47,174
725486416278738," NO 1 HOT SEARCH (BẠO ĐỎ): T1 CHÍNH THỨC TRỞ THÀNH NHÀ VÔ ĐỊCH CHUNG KẾT THẾ GIỚI LIÊN MINH HUYỀN THOẠI 2023, ĐÁNH BẠI WBG VỚI CHIẾN THẮNG 3:0  Một nửa của các cặp đôi bây giờ có thể yên tâm về đưa người yêu đi chơi đi ăn rồi ",2023-11-19 18:16:55,632
725448116282568,"Hình ảnh mẹ Lưu Diệc Phi tự chụp ảnh con gái cưng của mình giữa một dàn papazarri, ánh mắt không giấu được vẻ tự hào: “Đó là con gái của tui đó.” ",2023-11-19 16:18:19,13
725415866285793,"Ngày tôi kết hôn, gia đình tổ chức đốt rất nhiều pháo. Nghe tiếng pháo nổ đì đùng có chút rát tai, mặc dù khi ấy anh chồng tôi cũng đã giúp tôi bịt chặt tai lại.  Sau đó, anh trai đã đích thân mang một tấm vảiXem thêm dày ra che cho tôi, để khiến tôi không thấy khó chịu vì âm thanh quá lớn nữa. Từ nhỏ đến lúc lớn, anh trai luôn là người yêu thương tôi nhiều nhất. Đến tận ngày đi lấy chồng, anh vẫn lo cho tôi như thế   Cre: Ccc_  -Miao- #WeiboVietNam #wbvn",2023-11-19 14:37:31,88
725326269628086,"Nhật ký nuôi tổ tông nhỏ do con gái mang về: hôm nay là một ngày nắng đẹp, tôi đưa tổ tông nhỏ ra ngoài dạo chơi   -Miao- #WeiboVietNam #wbvn",2023-11-19 10:52:04,82
725095819651131,"Ngày trước xem Hoa Thiên Cốt, mê nhân vật Sát Thiên Mạch của Mã Khả đến nỗi tự photoshop mặt mình vào Hoa Thiên Cốt, thậm chí còn để vào trong ví đem theo ngắm mỗi ngày.  Bây giờ mở ra nhìn lại mới thấy thiệt là ba chấm ",2023-11-18 23:54:56,525
725056576321722,"Buổi tối đi tản bộ với mẹ bắt gặp một “tấm chân tình” bị ai đó bỏ lại ở thùng rác. Trông bó hoa đẹp quá nên tôi muốn mang về, chỉ tiếc là mẹ nhất quyết không cho   Cre: 223  -Miao- #weibovietnam #wbvn",2023-11-18 22:28:19,66
725028279657885,"Từ ngày đưa ml lắm lông này về, tôi đã biến thành người thừa trong chính căn nhà của mình, bạn trai tôi cũng biến thành bạn trai nó luôn   -Miao- #WeiboVietNma #wbvn",2023-11-18 21:30:11,263
724996349661078,NHIỀU LÚC CŨNG THẤY GHEN TỴ VỚI NGƯỜI YÊU CHỚT MOẸ   Tác giả:   -Cá- #weibovietnam #wbvn #news #comics,2023-11-18 20:35:11,149
724974542996592,"THÚC TIẾN BIẾN HÌNH, TRỞ LẠI THÀNH THÙY TIÊN XINH ĐẸP  Mới đây, Hoa hậu Thùy Tiên lại vừa khiến dân tình trầm trồ khi xuất hiện trong những bộ váy lung linh, khẳng định vẻ đẹp nữ tính nhưng rất độc lập và tự tin.  Nhiều chị em đã phải xin ngay in4 của BST váy này để có cheap moment với Tiên.  #Thequeen #thuytien",2023-11-18 20:00:35,156
724906163003430,"Thành Đô đúng là thành phố lớn, đi ngâm bồn nước nóng cũng kèm thêm cả dịch vụ có trai đẹp bầu bạn cùng ",2023-11-18 17:36:32,2606
724738603020186,Một chiếc em bé gấu trúc nằm “lười” trên thảm cỏ   -Miao- #WeiboVietNam #wbvn,2023-11-18 10:36:52,99
724489213045125," NO 1 HOT SEARCH (BẠO ĐỎ): HANYU YUZURU ĐỘT NGỘT LY HÔN CHỈ SAU 3 THÁNG THÔNG BÁO KẾT HÔN  Truyền thông Nhật Bản đưa tin Hanyu Yuzuru chính thức đăng tải thông báo anh đã ly hôn, tức là chỉ sau 3 tháng sauXem thêm ngày công bố kết hôn vào hồi tháng 8 vừa qua.  Nguyên nhân được cho là cuộc sống gia đình của nam vận động viên bị truyền thông soi mói quá mức, cuộc sống riêng tư bị làm phiền, thường xuyên bị đeo bám theo dõi. Thậm chí còn nghiêm trọng đến mức khiến vợ của Hanyu không có cách nào ra khỏi nhà dù chỉ một bước. Vì muốn đối phương có cuộc sống yên ổn và hạnh phúc, Hanyu đã quyết định ly hôn.",2023-11-17 23:07:43,325
724431113050935,"HOT NHẤT MÙA ĐÔNG: HÀ NỘI LẠI CÓ THÊM MỘT ĐỊA ĐIỂM ĐƯỢC GIỚI TRẺ KÉO NHAU ĐẾN XẾP HÀNG CHECK-IN   Nếu bức tường Lenin từng làm mưa làm gió khi thu hút hàng trăm dân chơi đến chụp ảnh thì hiện tại, spotlight củaXem thêm Thủ đô lại thuộc về Ten Thousand - quán cà phê mới mở tại Lotte Mall.  Dù có phải chờ hơi lâu vì độ hot của Ten Thousand thì bạn cũng yên tâm vì thời gian của bạn sẽ không lãng phí khi có thể thong thả thưởng thức những chiếc bánh thơm ngon và cafe mang hương vị có 1-0-2 tại đây.  Đươc biết, Ten Thousand là thương hiệu nổi tiếng tại New York, lần đầu đặt chân đến Đông Nam Á. Nhanh chân đến quán cafe có không gian mang đậm phong cách châu Âu này để mang về một bức ảnh xinh đẹp, đồng thời thưởng thức những tách cafe thơm ngon chuẩn vị nhé!",2023-11-17 21:06:28,55
724430163051030,"Tôi hay mua rau của cô hàng xóm bày sạp hàng ở dưới chân tiểu khu. Hôm nay ốm yếu quá có 3 cây cải to cũng không xách về nổi nên cô “sai” con trai cô mang đến tận nơi cho tôi.  Tự nhiên thấy bấy lâu nay mình đãXem thêm quá khoẻ khoắn   >> Rau của tôi và “rau” của tôi đều đến rồi.  >> “Cô ơi, con trai cô cháu nhận được rồi nhó, cháu để mấy câu cải tự về nha.”  >> Đang ở nước ngoài mà tự nhiên cũng muốn được nếm thử hương vị rau quê nhà quá.  -Miao- #WeiboVietNam #wbvn",2023-11-17 21:05:14,1083
724407946386585,THỨ BẠN TƯỞNG CON GÁI HAY XEM VS THỨ MÀ CÔ ẤY THỰC SỰ XEM MỖI NGÀY   Tác giả:   -Cá- #weibovietnam #wbvn #news #comics,2023-11-17 20:18:54,365
724378186389561,"Nhìn thấy tôi trang điểm xong, người yêu bảo như yêu thêm một người mới vậy   Cre:   -Miao- #WeiboVietNam #wbvn",2023-11-17 19:23:27,51
724354603058586,"Bên nhau trọn đời, chẳng qua cũng chỉ là như thế này   Cre:   -Miao- #WeiboVietNam #wbvn",2023-11-17 18:25:35,11
724310723062974,DÍ ĐẾN CÙNG: CHÂU TẤN ĐI TUYÊN TRUYỀN PHIM MỚI CÙNG CHIẾC THẺ CÔNG TÁC IN HÌNH MEME HUYỀN THOẠI CỦA MÌNH “HẢO TUA RẤN A!”  Ảnh thẻ do phía Sina sản xuất ,2023-11-17 16:44:40,87
724172116410168," LƯU DIỆC PHI LẠI LẦN NỮA “OANH TẠC” MXH XIAOHONGSHU SAU MÀN XUẤT HIỆN NHƯ “CÔNG CHÚA TRỞ VỀ” TRONG SỰ KIỆN CỦA BVLGARI TỐI QUA  Những hình ảnh xinh đẹp và sang trọng như công chúa trong sự kiện BVLGARI đêm qua của Lưu Diệc Phi đang được chia sẻ mạnh mẽ trên các nền tảng MXH Trung Quốc, đặc biệt là Xiaohongshu.",2023-11-17 10:11:32,302
723906729770040,"Những bức ảnh cũ thời còn trẻ ít người biết đến của Phạm Băng Băng. Chỉ mặc một bộ đồ bình thường, trang điểm rất nhẹ mà vẫn xinh đẹp quá trời   -Miao- #WeiboVietNam #wbvn",2023-11-16 22:43:39,36
723816163112430,"Đưa đi báo án cũng phải tránh chỗ người quen, chứ mà để đồng nghiệp nhìn thấy thì hơi đắng   -Miao- #WeiboVietNam #wbvn",2023-11-16 20:07:14,72
723782106449169,Khoảnh khắc đáng yêu của con gái cưng Duệ Bảo và mẹ Ái Bảo. Mắt em bé cứ nhìn mẹ suốt thôi   -Miao- #WeiboVietNam #wbvn,2023-11-16 18:48:54,88
723705063123540,"Nếu có ai đó hỏi tôi được sống trong tình yêu thương là cảm giác như thế nào, tôi sẽ kể cho họ về sự ra đời của mình trước tiên   Cre:   -Miao- #WeiboVietNam #wbvn",2023-11-16 15:25:50,54
723645956462784,Bãi đậu xe này có hai ”bảo kê” lắm lông. 5 cá/xe không bao giờ lo mất   -Miao- #WeiboVietNam #wbvn,2023-11-16 12:33:04,24
723387389821974,"Mái tóc dày mượt, óng ả của cô gái kia mới được gọi là tóc. Còn thứ mọc trên đầu tôi chỉ được miễn cưỡng coi là lông đầu   -Miao- #weibovietnam #wbvn",2023-11-15 23:46:13,655
723338229826890,"HÔM NAY TÔI VÀ NGƯỜI YÊU ĐÃ PHÁT HIỆN CAMERA GIẤU KÍN TRONG KHÁCH SẠN  Chúng tôi đi du lịch cùng nhau, đặt thuê một phòng giá khá rẻ trên mạng. Lúc nhận phòng, bạn trai tôi đã tinh ý nhận ra trong phòng có tậnXem thêm hai ổ điện đặt vị trí rất cao. Người yêu tôi cao hơn 1m8 mà ổ điện ấy còn cao hơn, ước chừng phải 2m.  Anh ấy nảy sinh nghi ngờ, bèn bắc ghế trèo lên xem xét. Sau khi check một hồi, chúng tôi phát hiện ra ổ điện này không bình thường, không cắm được sạc hay vật dụng gì. Bạn trai dùng app check thì đã chắc chắn rằng bên trong có camera giấu kín. Chúng tôi bèn dùng bvs dán lên che lại =)))  Mấy bà con gái đi du lịch thuê nhà nghỉ, khách sạn nên chú ý, thuê chỗ nào uy tín một chút nha. May mà người yêu tôi khá cảnh giác, chứ vô tâm vô tính như tôi khéo không bao giờ phát hiện ra được.  -Miao- #WeiboVietNam #wbvn",2023-11-15 21:48:52,457
723295193164527,"Hôm nay đi ăn với bạn trai rồi vô tình chụp được bức ảnh này. Tính cả tôi và anh ấy thì trong hình đang có ba giai đoạn của một cặp đôi. Chúng tôi là lớp trẻ, là hiện tại. Hai cô chú trung niên ngồi bàn bên là tương lai, và hai cụ ngồi xa xa kia là quá khứ.  Cảm giác thật thú vị   -Miao- #WeiboVietNam #wbvn",2023-11-15 20:26:08,129
723262266501153,ANGELABABY XUẤT HIỆN TRÊN TRANG BÌA TẠP CHÍ GRAZIA SINGAPORE  Dù có thể đang bị phong sát trong nước nhưng tài nguyên thời trang ở nước ngoài của Angelababy không hề bị ảnh hưởng.,2023-11-15 19:23:49,21
723213616506018,Trời lành lạnh tổ chức ăn lẩu tại gia nhưng nhà lại nuôi mèo belike   -Miao- #WeiboVietNam #wbvn,2023-11-15 17:24:44,1205
723083116519068,"Những chiếc áo lông vũ xinh xắn cho mùa đông năm nay, hồi nhỏ mà nhìn thấy chắc chắn tui cũng sẽ nằng nặc đòi bố mẹ phải mua cho mình   -Miao- #WeiboVietNam #wbvn",2023-11-15 11:22:15,3359
723031193190927,Quá đáng sợ ,2023-11-15 09:01:30,410
722803289880384,Khi trong phòng ký túc xá xuất hiện muỗi thì đây chính là vị cứu tinh của tôi   -Miao- #WeiboVietNam #wbvb,2023-11-14 22:26:18,35
722775413216505,"Hôm nay, cô bạn của tôi đã lấy hết dũng khí để xin Wechat của anh chàng lính cứu hoả mà nó đã thích thầm rất lâu .  Câu chuyện của hai người họ, cũng bắt đầu từ đó   -Miao- #WeiboVietNam #wbvn",2023-11-14 21:25:56,282
722726506554729,"Dày công chuẩn bị cho mẹ một chiếc bánh kem rất tâm huyết, nhưng chả hiểu sao đến lúc mở ra mẹ tôi lại nhất quyết chê xốu. Người lớn thật kỳ lạ   Cre: cc  -Miao- #WeiboVietNam #wbvn",2023-11-14 19:36:49,404
722656156561764,"Hồi nhỏ Tam thái tử Manh Lan đáng yêu đến nỗi, được mẹ Manh Manh ôm trong lòng mà trông hệt như búp bê nhỏ   -Miao- #WeiboVietNam #wbvn",2023-11-14 17:31:24,299
722634336563946,Thích mùa đông nhưng không chịu được lạnh   -Miao- #Weibovietnam #wbvn,2023-11-14 16:31:46,503
722284349932278,"NẾU CÓ THỂ GẶP LẠI BẢN THÂN LÚC NHỎ, BẠN MUỐN NÓI ĐIỀU GÌ VỚI CHÍNH MÌNH NHẤT?  1. Đứa trẻ đó còn nhỏ mà đã khổ cực như vậy, tôi chẳng nỡ nói gì với nó hết, chi bằng ở cạnh nó, chơi cùng nó một buổi chiều còn hơn?  2. Cái đứa ngỗ nghịch ấy nói gì cũng không nghe vào tai đâu.  3. Chẳng nói gì hết, đưa cho nó 10 tệ, để nó vui vẻ cả một ngày trời.  4. Chắc là, giúp nó làm hết đống bài tập vẫn chưa làm xong. Nhưng mà không chắc là mình lúc lớn đã giúp được mình lúc nhỏ haha.  5. Nói với nó rằng: “Năm cháu 30 tuổi, cháu sẽ mất đi đứa con đầu tiên của mình lúc thằng bé mới được 4 5 tuổi. Nên hãy yêu thương nó thật nhiều khi nó còn sống nhé.”  6. Hãy sống cuộc đời bình thường này một cách có ý nghĩa nhất có thể nhé.  7. Nhớ cho kỹ đây con trai của ta, năm 2014 Đức đã thắng Brazil với tỉ số 7:1. Nhất định phải đi đặt cược đấy nhé!!!  8. Năm cháu lên 4, cháu sẽ đi học ở trường mẫu giáo An Lạc. Khi đó, cháu sẽ quen một cô bé tên Lưu Khả Hân, mặt hơi tròn, nằm xuống một cái là ngủ được luôn.  Cháu nhất định phải chú ý đến con bé đó, lúc xếp hàng đi lấy cơm nhất định phải đứng vững một chút, đừng để nó chen hàng mà một câu cũng không dám nói, kết quả là bị giành mất chiếc đùi gà cuối cùng.  Má, mối thù này dù đã trôi qua gần 20 năm mà nghĩ lại tôi vẫn thấy tức!!!",2023-11-13 23:28:50,498
722223256605054,"Đây là hình ảnh đứa bạn thân cao 1m73 của tôi cùng anh bạn trai cao 1m88 của nó đi ra ngoài chơi. Nhưng nhìn tướng đi của hai đứa, ai không biết lại tưởng ca 2 đang lập hội đi thu tiền bảo kê   Cre:   -Miao- #WeiboVietNam #wbvn",2023-11-13 22:27:36,307
722196933274353,Chiếc mũi cao thẳng vô thực của Địch Lệ Nhiệt Ba   -Miao- #WeiboVietNam #wbvn,2023-11-13 21:30:41,144
722158106611569,"Đây là chiếc mèo “tiểu tổ tông” con gái tui lụm về nhà. Ngoài cho ăn, dọn vệ sinh, dành thời gian chơi với mèo ra, con gái tôi còn dặn phải cắt móng thường xuyên cho em nó nữa.  Cơ mà mỗi lần cắt móng lại là mộtXem thêm cuộc chiến vì tiểu tổ tông rất không hợp tác, tôi phải “vật lộn” mãi cắt xong cho tiểu tổ tông   -Miao- #WeiboVietNam #wbvn",2023-11-13 19:57:46,49
722132379947475,"”DĨ ÁI VI DOANH” CỦA VƯƠNG HẠC ĐỆ VÀ BẠCH LỘC MỞ ĐIỂM DOUBAN 4.8 VỚI HƠN 30K VOTE  Một số đánh giá về phim: >> Năm 2023 rồi mà vẫn còn xem được một bộ phim có phục trang quê mùa với những góc quay cùng hiệu ứngXem thêm chuyển cảnh không thể hiểu nổi.  >> 4.8 điểm vẫn là còn cao rồi, chắc fans hai nhà đã gánh còng lưng…  >> Không vì Vương Hạc Đệ chắc tôi chi 1 sao luôn rồi ý.  >> Kiểu phim dầu mỡ như này chắc chắn điểm còn tụt nữa  >> Ảnh leak ra đẹp đẽ bao nhiêu thì lên phim thất vọng bấy nhiêu...  -Miao- #WeiboVietNam #wbvn",2023-11-13 18:58:53,303
722090046618375,Netizen Trung thiết kế poster ”Đông Nhiên” phiên bản của Chân Hoàn - Tư Ung - Quả Quận Vương  Còn thiếu mỗi Ôn Thái y nữa là đủ bộ   -Miao- #Weibovietnam #wbvn,2023-11-13 17:08:37,23
721969063297140,Thời tiết này người nuôi mèo và người nuôi chó có 2 trạng thái   -Miao- #WeiboVietNam #wbvn,2023-11-13 11:14:21,464
721680996659280,"Để chó cưng, mèo cưng trong balo rồi mang ra ngoài đã thấy nhiều lần. Nhưng đây là lần đầu tiên tui thấy mấy em hamster trong balo như này, nhìn cưng gì đâu luôn á   -Miao- #WeiboVietNam #wbvn",2023-11-12 22:00:41,66
721633823330664,"Hôm nay tôi bắt gặp cặp đôi này trong nhà ăn, chàng trai liên tục gắp đồ ăn ở khay của mình sang cho bạn gái. Dù sau đó cô gái đã ngăn chàng trai lại, nhưng anh ấy vẫn tiếp tục làm thế, như sợ rằng bạn gái mìnhXem thêm ăn không đủ.  Một hành động nhỏ ấy thôi cũng khiến tôi thấy tình yêu trên thế gian này thật đẹp. Có người lo bạn đói, có người lo bạn không đủ tiền tiêu, có người lo bạn không được vui vẻ   Cre:   -Miao- #WeiboVietNam #wbvn",2023-11-12 20:22:45,176
721503786677001,"Hôm nay tôi mới phát hiện ra, bạn trai set ảnh nền máy tính là ảnh của tôi, nhưng lại để như thế này   -Miao- #WeiboVietNam #wbvn",2023-11-12 14:36:15,63
721429853351061,"Hôm nay vô tình gặp được Trần Tinh Húc trên máy bay. Đúng là minh tinh, chỉ để mặt mộc và đeo khẩu trang thôi cũng thấy cuốn hút   -Miao- #WeiboVietNam #wbvn",2023-11-12 11:43:11,60
721399736687406,"Khách gửi ảnh bắp cải và yêu cầu: “Sáng tạo một chút cho chị nha em.”  Oke khách, chiều lòng khách luôn.  -Miao- #weibovietnam #wbvn",2023-11-12 10:19:27,177
721147153379331,"VÌ SAO TRÊN NGƯỜI CON GÁI LẠI CÓ MÙI THƠM?  1. Má ơi là giả cả đấy! Làm gì có cái gọi là mùi thơm cơ thể tự nhiên! Nếu có, thì chứng tỏ bạn có một bà mẹ rất tuyệt vời! Hồi còn học cấp 3 rất nhiều người nói trên người tôi có mùi hương thơm lắm. Sau này chuyển tới một thành phố khác đi học đại học, khi gặp lại bạn cùng bàn trước kia, nó nghi ngờ nhìn tôi rồi hỏi: Sao người mày lại không thơm nữa rồi? Cuộc sống đại học đã vấy bẩn mày rồi ư? Má nó chứ đó là bởi vì tôi phải tự giặt quần áo! Bình thường khi giặt quần áo, mẹ tôi đều tự giặt bằng tay, tôi cũng không biết bà ấy dùng cái gì mà khi lấy ra quần áo cực kỳ thơm. Nhưng cái mùi đó lại không phải mùi nước giặt hay nước xả vải gì đâu, nói chung là thần kỳ lắm! 2. Mùi tiền chứ còn mùi gì nữa. Cứ thử đắp một đống sữa tắm, dầu gội đầu, tinh dầu dưỡng tóc, nước xả vải, body-mist, kem xả, kem ủ tóc, xịt khử mùi,....vào xem, không thơm mới là lạ! 3. Nhưng đúng là con gái có mùi hương tự nhiên thật các bác ạ. Ví dụ như tôi này, tôi là con gái, không dùng nước hoa son phấn gì đâu, quần áo cũng dùng loại bột giặt hương thơm nhàn nhạt thôi. Nhưng mỗi lần đi thay quần áo về, tôi đều phải…tự ngửi mùi áo con của mình… Aizzzzz tôi thấy nó rất là thơm luôn ấy, đó là mùi của tuiii (xấu hổ~ing) 4. Trên người tôi có một mùi hương nhàn nhạt tự nhiên, có rất nhiều bạn nữ đều nói mùi thơm trên người tôi rất dễ chịu, sảng khoái. Tôi mỉm cười nói với họ: Đó là mùi của sự kh.ốn n.ạn. 5. Họ thường qua Weibo Cosmetics mua quả sữa tắm nước hoa của On: The Body với hương thơm tuyệt vời của thiên nhiên, lại còn đang có giá rất ngã cây trong đợt 11.11 này. Rước em về tại: https://shp.ee/kcymf6n  #wbvn #weibocosmetic #ONTheBody",2023-11-11 22:30:00,42
721148416712538,Tình bạn cùng phòng đã gắn bó khăng khít đến độ mua một tuýp thuốc nhuộm tóc về cả đám share nhau dùng chung.  Ra đường không cần báo danh biết cả hội ở chung một phòng   -Miao- #WeiboVietNam #wbvn,2023-11-11 22:11:34,197
721146596712720,"TƯỞNG THẾ NÀO, HOÁ RA VẪN PHẢI KHUẤT PHỤC TRƯỚC ĐỒ ĂN MÀ THÔI   Mèo: Em thừa nhận nãy em có hơi to tiếng, từ giờ anh có thể gọi em là Mi Mi ",2023-11-11 22:08:46,371
721080253386021,NÓI CHO THÌ LẠI KHÔNG TIN   Tác giả:   -Cá- #weibovietnam #wbvn #news #comics,2023-11-11 20:16:12,245
721024420058271,Bàn về trình độ chụp ảnh ”thần sầu” của các anh bạn trai là topic không bao giờ có hồi kết   -Miao- #WeiboVietNam #wbvb,2023-11-11 18:03:52,935
720917790068934,Chi Pu x Erik trong “Shopee Show” quá hoành tráng,2023-11-11 13:14:01,67
717284477098932,[J4F] HÌNH TƯỢNG THỜI YẾN DO FANS CHỤP VÀ KHI LÊN PHIM  Netizen Trung: đài Xoài mau mời trạm tỷ của Vương Hạc Đệ vào đội hậu kỳ của “Dĩ Ái Vi Doanh” đi!!!  -Miao- #WeiboVietNam #wbvn,2023-11-04 18:55:13,945
717236333770413,"“Bụt chùa nhà không thiêng” belike:  >> Tôi học tiến sĩ ở ĐH Phúc Đán, chồng tôi tốt nghiệp ĐH Chiết Giang, con trai học lớp 1 thi 2 môn được hẳn 36 điểm, còn không cao bằng nhiệt độ cơ thể của nó.  >> Tôi và vợXem thêm đều là tiến sĩ nhưng cũng không dạy nổi cô con gái thi tiếng Anh được 28 điểm.  >> Nhà tôi 6 người làm giáo viên, con trai thi được 6 điểm, chắc mỗi người dạy nó được 1 điểm   -Miao- #WeiboVietNam #wbvn",2023-11-04 16:32:30,1011
717183937108986,"Bạn cùng phòng nói: “Đừng động đậy”, và cô ấy đã chụp cho tôi khoảnh khắc xinh đẹp này   Cre:   -Miao- #WeiboVietNam #wbvn",2023-11-04 13:49:43,336
717130483780998," STREET DANCE OF CHINA 6 SẮP ĐỔ BỘ TRỞ LẠI NGAY TRÊN FPT PLAY!  Street Dance Of China 6 - Đây Chính Là Nhảy Đường Phố mùa 6 đang gây chú ý hơn bao giờ hết với sự dẫn dắt của dàn đội trưởng đình đám: Jay Park,Xem thêm Đinh Trình Hâm, Ngô Kiến Hào. Đặc biệt hơn, năm nay có đến hai “chàng trai vàng” của làng nhảy Việt Nam là Đăng Quân và Quang Đăng. Hãy cùng nhau chờ đợi những màn vũ đạo cực cuốn mắt đến từ các “cỗ máy nhảy” trong Street Dance Of China 6 nhé!  ĐÂY CHÍNH LÀ NHẢY ĐƯỜNG PHỐ MÙA 6 được phát sóng từ 05/11 trên FPT Play.  #FPTPlay #streetdanceofchina6 #DayChinhLaNhayDuongPhoMua6 #dangquan #quangdang",2023-11-04 11:00:12,55
716916933802353,"LÒNG TỐT CỦA BẠN ĐÃ TỪNG BỊ NGƯỜI KHÁC COI THƯỜNG/LỢI DỤNG NHƯ THẾ NÀO?  #1. Ngày mùa hè nóng như đổ lửa, tôi mua hai chai nước lạnh cho một người ăn mày, ông ta không nhận mà quăng nó đi luôn, sau đó tiện tay cướp luôn điện thoại của tôi.  #2. Hàng xóm nhà tôi là dân xa xứ chuyển tới ở, có một người con trai bị ngốc. Cả nhà có hai mẹ con nương tựa lẫn nhau mà sống, thuê chung một cái nhà để ở, mẹ tôi thấy hoàn cảnh đáng thương nên thường hay mang đồ ăn qua tặng cho bọn họ. Hai năm sau người mẹ kia hỏi mẹ tôi có thể gả tôi cho con trai bà ấy hay không.  #3. Hồi cấp 2 có một bạn nam bị bỏng mất nửa mặt chuyển vào lớp tôi, ngồi ngay sau tôi. Khi đó có rất nhiều người b*t n*t cậu ấy, tôi thay cậu ấy đi dằn mặt từng đứa, kèm học thêm cho cậu ấy, sau này cậu ta tỏ tình với tôi, tôi bất ngờ quá không biết nên xử lý thế nào, chỉ đành không để ý đến cậu ấy nữa. Cuối cùng cậu ta đi loan tin với cả trường rằng tôi đã ngủ với cậu ta.  #4. Tôi thường hay mua đồ trên mạng, những cái hộp đựng bóc ra rồi tôi sẽ cho một dì gom giấy vụn, kết quả có một ngày tôi nghe thấy dì ấy nói với người khác rằng tôi là đứa táng gia bại sản, cả ngày chỉ biết mua sắm linh tinh.  #5. Hồi trước mẹ tôi thường hay tặng đồ ăn cho mấy người ăn xin lắm, sau này có cảnh sát tìm đến tận nhà nói có một người ăn xin là tội phạm gi*t người giả dạng thành, hỏi mẹ tôi vì sao lại thường xuyên tặng đồ ăn cho hắn.  #6. Ngày trước chả có vụ thế này còn gì: Cô gái giúp đỡ một người phụ nữ mang thai vô tình gặp trên phố, ai ngờ người phụ nữ kia lừa cô gái về nhà, để chồng mình h** h*** cô gái đó.",2023-11-03 23:41:04,992
716902787137101,Trung bình sức ăn của một người ăn yếu nhưng thích đi ăn một mình và hưởng trọn bữa lẩu ở Haidilao kiểu:  -Miao- #WeiboVietNam #wbvn,2023-11-03 23:10:35,185
716880200472693,Gap size giữa tay tui và tay người iu vẫn luôn là một cái gì đó rất huyền học ,2023-11-03 22:20:21,200
716861380474575,"Năm đó, khi còn là bạn cùng lớp, đứa ngồi trên đứa ngồi dưới và chụp bức ảnh này, tôi thực sự không nghĩ mình và anh ấy lại có duyên ""xuất hiện"" cùng nhau trong tấm ảnh cưới   Cre:   -Miao- #WeiboVietNam #wbvn",2023-11-03 21:41:43,31
716824397144940,MỖI LẦN BẠN TRAI NHẮN TIN CHO TÔI KIỂU   Tác giả:   -Cá- #weibovietnam #wbvn #news #comics,2023-11-03 20:38:39,90
716787880481925, ĐẠI TIỆC NHAN SẮC VỚI SỰ THAM DỰ CỦA CÁC SAO NỮ NỔI TIẾNG CỦA CBIZ TRONG SỰ KIỆN ELLE TỐI NAY,2023-11-03 19:13:40,151
716774890483224,"Bộ nail kỳ cục tôi nghĩ sẽ không bao giờ có thể xuất hiện, nhưng thực sự đã có người làm   -Miao- #WeiboVietNam #wbvn",2023-11-03 18:43:13,446
716769020483811,"HẢO HÁN  Sính lễ quá cao đang trở thành một gánh nặng rất lớn đối với nhiều người đàn ông Trung Quốc khi muốn cưới vợ. Mới đây, một chàng trai trẻ đã chia sẻ câu chuyện sính lễ của mình và thu hút sự chú ý của CDM. Người này chia sẻ lúc ban đầu anh đã đồng ý với mức sính lễ 188.000 NDT (~630 triệu) mà nhà gái đưa ra khi bàn chuyện kết hôn, tuy nhiên đến sát ngày cưới thì nhà gái bất ngờ yêu cầu anh phải bỏ thêm ra 30.000 NDT (~100 triệu) thì mới đồng ý gả con gái đi. “Thực sự tôi không còn tiền nữa rồi, sau khi cân nhắc suy nghĩ, tôi quyết định bỏ chạy!” - chàng trai cười khổ chia sẻ.  Trước đó, để gom đủ tiền cưới vợ, anh đã đi vay của bạn 20.000 tệ (~67 triệu), bố mẹ anh còn dự định đợi xong hôn lễ sẽ vay nợ mua nhà cho đôi vợ chồng. Tuy nhiên tất cả đã kết thúc, chàng trai quyết định nghỉ làm rồi đi du lịch một mình, trong vòng 5 tháng, anh đã đi qua hơn 40 thành phố, tiêu hết 30.000 tệ. Trở về sau chuyến đi, chàng trai tâm sự: “Thế giới rộng lớn như thế, so với việc nợ một đống tiền để kết hôn, tôi thà đi nhìn ngắm thế giới còn hơn, cả đời có lẽ cũng chỉ có 1 lần này mà thôi”.  [138k likes] Bạn tôi kết hôn, sính lễ 399.000 tệ (~1.3 tỷ). Mặc dù nhiều nhưng nhà gái cho hồi môn cũng không ít, mấy cái giường với cái chăn, chăn dày lắm. Đêm đêm bạn tôi nằm ôm chăn khóc bên ngoài chả nghe thấy gì.  [14k likes] Thực ra sính lễ bao nhiêu không phải là vấn đề, vấn đề là ngay phút chót lại đòi tăng giá, đ có tí uy tín nào cả  [51k likes] Tự nhiên lại cảm thấy đời mình xem ra cũng không tồi, sinh năm 96, 2 nhà, Mercedes E300, tiền tiết kiệm 50 tỷ. Vợ 58 tuổi, con trai lớn hơn tôi 2 tuổi.",2023-11-03 18:27:24,1075
716756070485106, NA TRÁT BÙNG NỔ NHAN SẮC TRÊN THẢM ĐỎ Ở SỰ KIỆN ELLE TỐI NAY,2023-11-03 17:51:21,191
716704783823568,"BẠN CÙNG PHÒNG NGHĨ LÀ TÔI ĐÃ ĐI RA NGOÀI NÊN NGỒI DƯỚI NÓI XẤU TÔI, TÔI NÊN LÀM THẾ NÀO BÂY GIỜ?  [108k likes] Đeo tai nghe lên rồi đi xuống dưới, cho chúng nó đoán cả đời này xem bồ rốt cuộc là có nghe thấy gìXem thêm hay không  [32k likes] m thầm ghi âm lại rồi gửi vào trong nhóm chat, bảo là có người gửi cái này cho tao, cho chúng nó đoán cả đời xem đứa nào gửi  [222k likes] Mở rèm giường ra nói: Ờ tao cũng thấy nó giả vờ giả vịt bome, rõ ràng ở trong phòng mà làm như không có ở trong ấy  [28k likes] Thò đầu ra nói: “Suprise!”",2023-11-03 15:29:43,557
716612613832785,Anh em vẫn muốn vợ vui thì nhanh tay lấy mã dưới cmt ,2023-11-03 11:12:09,12
716356167191763,"Cảm động người anh em ngồi buồng bên đã sẵn lòng share màn hình điện thoại cho tôi coi ké Douyin trong lúc buồn chán, khi tôi “lỡ” vào nvs công ty mà quên không mang điện thoại   -Miao- #WeiboVietNam #wbvn",2023-11-02 23:13:47,71
716353740525339,"VÌ SAO CÓ NHỮNG QUÁN CÀ PHÊ KHÔNG CHO KHÁCH “ĐI NẶNG” TẠI QUÁN?  #1. Chuyện là…tôi từng ngồi trong quán cà phê của bạn và bất chợt nghe thấy tiếng hét thất thanh. Một vị khách nữ hốt hoảng chạy từ nhà vệ sinh ra ngoài và hô lớn “Có rắn trong bồn cầu, con rắn to lắm”. Đến khi tôi và bạn cầm thanh sắt cùng xẻng hốt rác đẩy cửa ra nhìn vào bên trong, biểu cảm của chúng tôi dần trở nên:   Ừm, một thứ vừa đen vừa to vừa đang ngang ngược nằm trấn giữ cái bồn cầu…  #2. Có lần đi chơi boardgame xong vào WC, vừa mở cửa ra thì thấy một cục dài ngoằng đang đứng thẳng ngay trước mắt tôi, đúng vậy, đứng thẳng ngay trước mắt tôi…  #3. Tâm trạng không tốt, muốn vào WC khóc một trận đã đời nhưng lại phát hiện ra cái hố nào cũng có…  #4. Hồi trước đi làm thêm ở quán pizza, lúc quét dọn phát hiện có một cục dưới bàn ăn. Chúng tôi chạy đi check camera thì thấy có đứa nhỏ của bàn khách này chạy sang bàn bên cạnh đi ẻ, còn bàn khách bên cạnh nữa thì đang nôn khan…  #5. Hồi còn nhỏ tôi nhát lắm, giờ học ngồi trong lớp buồn ẻ mà không dám giơ tay lên xin cô, cuối cùng đi ra quần luôn. Mãi mãi không bao giờ quên được khoảnh khắc chuông hết giờ vừa kêu là lập tức xách cặp chạy ra ngoài, vừa chạy vừa che che giấu giấu sợ bị phát hiện nữa chứ, điều duy nhất an ủi tôi khi đó là may mà nó ở thể cứng, không thì chắc tôi còn thảm hơn nữa…  #6. Hồi năm 2 đang ngồi tự học thì buồn vệ sinh, thế là chạy vội vào WC, một lát sau có một bạn nữ khác cũng chạy vào buồng bên cạnh. Sau đó tôi bắt đầu nghe thấy tiếng cô ấy xả hơi kèm theo tiếng vật thể xác định nào đó rơi xuống (không biết anh em có tưởng tượng ra được không). Sau đó cái vật thể kia bắt đầu tóe loe ra ngoài…  Bởi vì bồn cầu trong trường là hệ ngồi xổm, bức vách ngăn giữa hai buồng để hở ra một khoảng trống bên dưới, thế nên vật thể đó bắn lên cả giày của tôi. Tôi ngồi im không dám động đậy, chờ cô ấy đi rồi mới lặng lẽ đứng lên lau hết cái màu vàng dính trên giày mình đi…",2023-11-02 23:08:33,530
716320190528694,"BIỂU CẢM CỦA AKINA NAKAMORI KHI LẦN ĐẦU TIÊN GẶP LÊ MINH TẠI NHẬT BẢN VÀO NĂM 1995  Lần đầu tiên gặp Lê Minh - một trong “Tứ Đại Thiên Vương” Hong Kong thời bấy giờ, nữ Diva hàng đầu của xứ Phù Tang AkinaXem thêm Nakamori đã tỏ ra vô cùng thích thú xen lẫn chút bối rối ngại ngùng, cũng không hề che giấu sự ngưỡng mộ dành cho nam nghệ sĩ.  Khi được MC lần đầu gặp đối phương có ấn tượng như thế nào, Lê Minh trả lời: “Cô ấy rất có cá tính”, còn Akina thành thật đáp: “Anh ấy đẹp trai quá”.",2023-11-02 21:55:57,145
716276523866394,Một cái cây thôi mà không ngờ lại có thể có nhiều màu sắc đến thế  Ảnh: ,2023-11-02 20:25:14,90
716241713869875,KÉO CÁI GÌ! AI CHO KÉO MÀ KÉO!  Tác giả:   -Cá- #weibovietnam #wbvn #news #comics,2023-11-02 19:04:36,29
716229420537771,"Đi nhặt táo ven đường nghịch mà lại nhặt được một cục đá giống hệt… cớt khô . May lúc lót giấy cầm lên xác nhận một hồi thì không phải thứ đó, nếu không tôi sẽ bị sang chấn tâm lý chếch mất .  Crr: ",2023-11-02 18:33:37,63
716164113877635,"Hôm nay là một chiếc gấu trúc Thất Tử dịu dàng, đằm thắm dưới ánh nắng vàng   -Miao- #WeiboVietNam #wbvn",2023-11-02 15:49:57,193
716043357223044,"TRƯƠNG GIA NGHÊ BỊ XOÁ TÊN KHỎI LIST DIỄN VIÊN PHIM “CHÍ ANH HÙNG” TRÊN DOUBAN, NGHI VẤN BỊ “PHONG SÁT”!!!  Theo thông tin từ blogger, trong bộ phim này, cô là nữ phụ, đóng cặp với Tiêu Thuận Nghiêu có đất diễnXem thêm chỉ sau cặp đôi nam nữ chính là Thành Nghị và Lý Nhất Đồng. Nhưng hiện tại bảng diễn viên của phim đã không còn thấy tên Trương Gia Nghê, nghi vấn cô đã bị “phong sát”, cắt cảnh diễn.  -Miao- #WeiboVietNam #wbvn",2023-11-02 10:05:59,511
715800980580615,Có một anh bạn trai siêu nhạy cảm là chỉ cần làm gì thân mật hơn một xíu như nắm tay hay ôm thôi là tai ảnh đã đỏ lựng lên rồi. Trông đáng iu chếch đi được á   -Miao- #WeiboVietNam #wbvn,2023-11-01 22:33:52,283
715787883915258,"WEIBO CỦA BVLGARI VÀ CELINE TRUNG QUỐC ĐÃ XÓA/ẨN TOÀN BỘ NHỮNG BÀI VIẾT CÓ LIÊN QUAN ĐẾN LISA  Được biết hiện Lisa đang là đại sứ toàn cầu của hai thương hiệu xa xỉ này. Dư âm từ buổi biểu diễn kín tại CrazyXem thêm Horse Paris của Lisa đã khiến cô mất đi khá nhiều thiện cảm từ khán giả, đặc biệt là ở thị trường tỷ dân như Trung Quốc. Vào sáng nay, weibo cá nhân của Lisa và Fanpage lớn của cô cũng đã “bay màu”.",2023-11-01 22:03:55,962
715776770583036,"LƯƠNG TÂM Ở ĐÂU? ĐẠO ĐỨC NGHỀ NGHIỆP Ở ĐÂU?  “Chúng bay không chịu phối hợp cho khách sờ soạng cưng thì chúng ta lấy đâu ra tiền? Chúng ta là người làm kinh doanh, mục tiêu là lợi nhuận. Thái độ của chúng bay khiến tao cực kỳ thất vọng, mày đó, còn nhớ ngày xưa lúc mày lang thang đầu đường xó chợ phải lục thùng rác kiếm đồ ăn không, là ai đưa mày về, cho mày một mái nhà? Tao, chính là tao! Còn mày, khi mày bị bệnh, là ai không ngại khó khăn đêm hôm túc trực bên cạnh, dù phải đập nồi bán sắt cũng quyết cứu bằng được mày? Là tao, chính tao chứ không ai khác! Lương tâm của chúng mày ở đâu? Tự mình suy ngẫm đi, làm mèo không phải giống như chúng mày…”  Trên đây là những lời tâm sự rút ruột rút gan mà ông chủ một quán cà phê mèo dành cho lũ nhân viên 4 chân của mình. Được biết, công việc kinh doanh của quán đang gặp nhiều khó khăn, lý do là vì “nhân viên” không chịu hợp tác cho khách cưng nựng. Hết cách, ông chủ chỉ còn cách ngồi tỉ tê tâm sự, cầu mong cho “lương tâm” của lũ nhân viên này đột nhiên thức tỉnh, chăm chỉ làm việc kiếm tiền.  [112k likes] Cà phê mèo chắc là cũng tương đương với kỹ viện cho mèo nhỉ? Còn ông chủ thì là tú ông của bọn 4 chân? [27k likes] Lần đầu tiên cảm thấy đồng tình với tư bản. Thật sự luôn đấy, không cho khách sờ, thái độ làm việc thế này quá có vấn đề rồi, làm thế mà coi được à! [24k likes] Nhớ kỹ, không được có tình cảm với khách hàng, không được quên phải thu tiền!",2023-11-01 21:38:16,123
715756717251708,"WEIBO CỦA ANGELABABY VÀ TRƯƠNG GIA NGHÊ ĐANG Ở TRẠNG THÁI ""CẤM NGÔN""  Giống hệt tình trạng của các nghệ sĩ phạm lỗi nặng bị ""phong sát"" trước đây.  -Miao- #WeiboVietNam #wbvn",2023-11-01 20:57:14,259
715740157253364,"Mặc dù lên tàu điện ngầm sát giờ nên không còn chỗ ngồi, phải đứng suốt một quãng đường dài nhưng tôi vẫn thấy vui vì có anh bạn trai làm chỗ dựa   Cre:   -Miao- #WeiboVietNam #wbvn",2023-11-01 20:24:38,202
715727557254624,"LẦN ĐẦU TRẢI NGHIỆM CẢM GIÁC DIU NHẸ MÁT LẠNH VỚI MẶT NẠ NIL AMPOULE MASK  Với cái thời tiết nắng hanh này, da các nàng có gặp tình trạng vừa khô vừa ửng đỏ không? Như mình cứ ra đường về là mặt lại như tômXem thêm luộc. Những lúc như thế chỉ cần cấp cứu ngay một em Ampoule cho da phục hồi về trạng thái mềm mướt.  Đặc biệt mặt nạ Ampoule còn được dùng cho da mụn , da kích ứng , da nhạy cảm, da sau xâm lấn như laser , lăn phi kim, t-iêm meso vô cùng hiệu quả. Các bà thử múc một em Ampoule dùng thử và cảm nhận hiệu quả nha!  Khám phá chi tiết dưới cmt nha các bà   #dangthixuantam202 #nangdauxuhan #Dangthixuantam #nil #nilcosmetic #nilampoulemask #nilmask # #",2023-11-01 20:00:33,56
715700767257303,ĐÃ VÔ SỐ LẦN MUỐN DẠY CHO NGƯỜI YÊU MỘT BÀI HỌC NHƯNG ĐỀU KHÔNG NỠ   Tác giả:   -Cá- #weibovietnam #wbvn #news #comics,2023-11-01 19:05:20,998
715617263932320,CÁCH MÀ BẠN GÁI TÔI ĐĂNG ẢNH CÓ TÔI LÊN MẠNG   Không thèm quan tâm đến sự méo tròn của tôi luôn ,2023-11-01 15:38:48,80
715240933969953,"Một trong những bức ảnh xứng đáng được ""phong thần"" của Phạm Băng Băng. Ngồi giữa đám đông nhưng luôn là nhân vật tâm điểm thu hút mọi ánh nhìn vì nhan sắc và thần thái đỉnh cao   -Miao- #WeiboVietNam #wbvn",2023-10-31 21:56:38,53
715226890638024,"Hôm nay tan ca, tôi về nhà khá sớm chứ không ở lại tăng ca như mọi hôm. Đứng ở ban công hóng mát, nhìn thấy tòa nhà ở phía đối diện có ba căn hộ đang sáng đèn. Nhìn người đàn ông của ba gia đình đang tất bật làm việc nhà, tôi chợt nghĩ, có vẻ như cuộc sống hôn nhân cũng không tệ lắm   Cre:   -Miao- #WeiboVietNam #wbvn",2023-10-31 21:25:11,2636
715188713975175,"Xem thử 1 tập Vi Hữu Ám Hương Lai của Châu Dã mà suýt phụt cười vì nhìn nhầm món đồ trong tay nữ chính là một chiếc điện thoại, đang nghĩ là Vu Chính quay phim cổ trang đã vô lý đến mức này rồi sao thì nhận ra đấy chỉ là một chiếc túi gấm bé con con ",2023-10-31 20:08:45,27
715161933977853,Hai anh trai có bộ đồ hóa trang đẹp nhất mà tôi từng thấy trong ngày hôm nay. Nhìn một cái là liên tưởng ngay đến Chuyện tôi và ma quỷ trở thành người nhà của Lâm Bá Hoành vs Hứa Quang Hán   Cre: Meow  -Miao- #WeiboVietNam #wbvn,2023-10-31 19:16:14,174
715096063984440,"Hồi bé thấy mình cũng xinh gái, lớn lên lại thấy mình đẹp trai hơn  -Miao- #WeiboVietNam #wbvn",2023-10-31 16:44:44,15
714982803995766,"Đi chợ mua đồ gặp được một chiếc mèo rất có nguyên tắc sống, không trộm không cứ.ớp, chỉ ngoan ngoãn ngồi im trước sạp bán cá và bày ra bộ mặt đáng thương, đợi chủ hàng mở lòng từ bi   -Miao- #WeiboVietNam #wbvn",2023-10-31 11:29:57,193
714723677355012,"TÔI ĐÃ GẶP MỘT NGƯỜI TRÔNG GIỐNG Y HỆT ÔNG NGOẠI ĐÃ MẤT CỦA MÌNH TRONG ĐÁM TANG  Hôm qua bà cố nội của tôi qua đời, ở trong đám tang của bà, lúc tôi đi từ trong nhà vệ sinh ra thì nhìn thấy một người trông giống hệt ông ngoại đã mất của mình, người ấy ngồi từ trong nhà cũng cố ngó đầu ra quan sát tôi. Lúc chạm mắt với ông ấy, tôi có cảm giác như thời gian ngưng lại, thế giới xung quanh bỗng chốc trở nên thật yên tĩnh, rồi tai tôi bắt đầu ù đi, tôi cứ ngỡ như mình đang nằm mơ. Sau đó ông ấy đứng dậy bước về phía tôi, hỏi tôi có phải là XX (tên hồi nhỏ của tôi) không, ông ấy nói không ngờ con bé đã lớn đến thế này rồi, khoảnh khắc đó tôi không khống chế được bản thân mình nữa, nước mắt tôi lã chã rơi xuống, tôi thực sự cứ ngỡ mình đang nằm mơ, bởi vì ngày nào tôi cũng mơ thấy ông ngoại quay trở về thăm tôi.  Sau này nói chuyện với mẹ, mẹ kể với tôi rằng người đó anh trai ruột của ông ngoại, là ông hai của tôi, hai người họ trông giống y hệt nhau. Tôi thực sự muốn khóc luôn, từ kiểu tóc, ngữ khí nói chuyện cho đến dáng bộ cử chỉ đều không khác một chút gì cả, tôi thực sự muốn túm lấy ông hai và kể cho ông tất cả mọi điều, thực sự cảm giác như ông ngoại đã trở về với tôi, ông không hề bỏ đi đâu cả vậy.  Từ sau cuộc gặp gỡ ngày đó, tôi đều cố gắng tìm mọi cơ hội để đi gặp ông hai, cứ luôn quan sát nhìn ông mãi không rời mắt được. Nếu như ông ngoại còn sống, có lẽ trông ông cũng sẽ giống như ông hai lúc này đây.",2023-10-30 23:43:36,24
714711067356273,"Ngày dự sinh của tôi đã đến gần, còn ""ngày dự sinh"" của người đàn ông men lỳ nhất nhà - tức chồng tôi đây thì chưa biết   Cre: wanyue777",2023-10-30 23:18:49,44
714700957357284,NGƯỜI KHÁC ĐƯỢC BẠN TRAI CÕNG VS. TÔI ĐƯỢC BẠN TRAI CÕNG :))),2023-10-30 22:53:01,179
714678104026236,"1664 BLANC MANG CHUỘT CHERRY KẾT HỢP CÙNG KHỈ HỒNG BẤT NGỜ ĐẾN SỰ KIỆN NGÀY 28.10 KHIẾN KHÁN GIẢ BÙNG NỔ!!!  Đêm sự kiện cuối cùng trong chuỗi sự kiện bất ngờ của 1664 Blanc đã khiến khán giả “đứng ngồi khôngXem thêm yên” với màn trình diễn bùng nổ chưa bao giờ xuất hiện của Mascot Chuột Cherry cùng với Khỉ Hồng - Ưng Hoàng Phúc!   Tạm khép lại chuỗi sự kiện bất ngờ trong tháng 10, hãy bình luận điều bất ngờ mà bạn muốn để 1664 Blanc tiếp tục mang đến cho bữa tiệc của bạn thêm độc đáo và thú vị, cùng đón chờ nhé!  #K1664 #1664Blanc #BiaViChatGuDocNhat #BiaViChatMoBatNgo #TheMaskedSinger #VietNam #CaSĩMặtNạ #Mùa2 #TheMaskedSingerVietnamx1664Blanc #DatVietVAC #DieuBatNgoThuVi #TheGangs",2023-10-30 22:04:14,3
714669557360424,"Đồ ăn ngoài bạn gái mua mang về cho tôi. Cổ nói để bún với nước riêng sẽ tốn thêm 2 tệ tiền hộp, tiết kiệm được tiền nào hay tiền đó. Quả đúng là cô bạn gái hỉu chuyện của tôi ",2023-10-30 21:47:06,55
714633250697388,"ẢNH GỐC VS ẢNH CỤC CƯNG CỦA TÔI ĐĂNG LÊN MẠNG   Chỉ cần đẹp, không màng đến việc tui tròn méo ra sao lun   Tác giả:   -Cá- #weibovietnam #wbvn #news #comics",2023-10-30 20:37:37,115
714616814032365," Cộng đồng mạng ráo riết truy tìm lí do vì sao 'Bao Đại Nhân' tạm ngưng thăng đường mấy ngày qua. Thì ra là đang bận đi tập rap chuẩn bị biểu diễn cho show Shool Fest vào 19/11/2023 tại KTX ĐHQG.   Đứng chungXem thêm sân khấu cùng đại nhân Bao Thanh Thien không phải 'Triển Chill' hay Công Tôn Sách mà sẽ là 13 nghệ sĩ Việt đình đám gồm: Lyly, Kay Trần, Bùi Công Nam, Ngô Lan Hương, DJ KHÁNH, Doãn Hiếu, Mr.B, Jaykii, Coldzy, Pixel Neko, MINK, Phạm Việt Thắng, tú tú.   Nhớ ghi chú thời gian địa điểm rồi rủ bạn bè cùng đến xem Bao đại nhân diễn văn nghệ nha mọi người!!! _______  SCHOOL FEST 2023 | FLY TO YOUNIVERSE Sự kiện VÀO CỔNG TỰ DO : Cả ngày | Chủ nhật, 19 tháng 11, 2023 : Khu B KTX Đại học Quốc gia TP.HCM  #SchoolFestSS4 #TodayTV #KTXĐHQG #YouTV",2023-10-30 20:00:47,67
714611050699608,"Tôi có một thói quen khá kỳ cục từ khi còn nhỏ là khi nghe điện thoại sẽ vô thức lấy bút viết linh tinh lên bề mặt, bất kể đó là giấy hay gì. Bây giờ đến khi đã là người lớn, làm giáo viên, tôi cũng không bỏXem thêm được thói quen đó.  Hôm nay đang chấm bài cho học sinh thì người yêu tôi đang ở xa gọi điện về. Tôi phấn khích và vui vẻ đến nỗi cầm luôn bút đỏ chấm bài ""vẽ bậy"" lên giấy làm bài của học sinh. Đến khi nhận ra thì trên bài của em ý đã xuất hiện một chiếc trái tim con con nguệch ngoạc kia...   -Miao- #WeiboVietNam #wbvn",2023-10-30 19:47:51,246
714604250700288,Phát hiện MV vừa phát hành tối nay ! Nghe có cảm giác chút chút Trung Hoa nhưng lại rất là Việt Nam.  Nói chung là muốn tìm bài ballad buồn thì bài này hay nha.  MV full dưới cmt nhé.  #Ukiuyen #Traloiemdi,2023-10-30 19:30:29,19
714590964034950,"Lần nào cũng vậy, cứ tưởng là đã rất đẹp, cho đến khi đứng dưới ánh đèn ""chiếu yêu"" chếch tiệt kia ",2023-10-30 19:02:26,95
714570034037043,BƠI CÓ CHÚT THÔI MÀ HIỆN NGUYÊN HÌNH LUÔN   Ảnh: no,2023-10-30 18:16:29,164
714536964040350,Lễ hội Hóa trang năm nay cosplay thành phi tần đang chờ thái giám đưa đến cung của hoàng thượng hưởng ân sủng ,2023-10-30 16:41:19,365
714519394042107,"Lúc mới nhìn thấy cảnh tưởng này ở ga tàu tôi cứ tưởng ông chú cao to kia đang cầm  doạ dẫm ông cụ, một lát sau nhìn lại thì thành cái điện thoại, cuối cùng nhìn thật kỹ mới nhìn ra là một quả cà tím   Tại sao lại là ?   Ảnh: ",2023-10-30 15:44:48,248
714196007407779,Nhà hiền triết nào đó: Vào tò rồi vẫn không yên với mấy khứa ở ngoài ,2023-10-29 23:44:35,567
714185677408812,"Lần đầu tiên tập tành đan mũ len, tôi đã đan cho bản thân một chiếc mũ siêu to khổng lồ. Rõ ràng tôi luôn làm đúng các bước học trên mạng mà chẳng hiểu sao chiếc mũ lại to đến thế luôn ý ",2023-10-29 23:21:41,476
6573583876024913,"THANH XUÂN NHẤT ĐỊNH PHẢI ĐẾN PHƯỢNG HOÀNG CỔ TRẤN - TRẤN CỔ ĐẸP NHẤT Ở TRUNG QUỐC   Phượng Hoàng Cổ Trấn nằm ở phía tây của tỉnh Hồ Nam, là thị trấn sở hữu nhiều cảnh quan tự nhiên đẹp như tranh vẽ, nổi bậtXem thêm nhất là núi non hùng vĩ, hồ nước thanh bình, và bầu trời trong xanh. Một truyền thuyết kể lại rằng ngày xưa, có hai con chim phượng hoàng đã bay qua nơi đây. Do khu vực này quá đẹp, nên chúng chỉ bay lượn ở đó mà không muốn rời đi. Vì vậy, thị trấn này được gọi là Phượng Hoàng Cổ Trấn. Đây là một trong những điểm tham quan mà bạn nhất định phải ghé thăm khi đi du lịch Trung Quốc.  SK Travel là đơn vị lữ hành uy tín được Weibo Việt Nam lựa chọn bảo trợ truyền thông khi giới thiệu về các địa điểm du lịch trong nước và quốc tế trong thời gian sắp tới với nhiều ưu đãi hấp dẫn dành riêng cho các thành viên cộng đồng.  #weibovietnam #sktravel #phuonghoangcotran",2023-04-06 22:27:38,603
6573554426027858,Dầu gội giữ màu tóc sau khi nhuộm đã biến móng tay tôi từ màu trắng chuyển sang màu tím chỉ trong 1 nốt nhạc. Nỗi đau này ai thấu   -Miao- #WeiboVietNam #wbvn,2023-04-06 22:16:34,272
6573488909367743,"BẠN ĐÃ XEM PHIM CHƯA?  Hôm nay bộ phim tiên hiệp “Trường Nguyệt Tẫn Minh” do La Vân Hi đảm nhiệm vai chính đã chính thức phát sóng những tập đầu tiên. Tuy nhiên tạo hình nhân vật Đàm Đài Tẫn của anh lại nhận vềXem thêm khá nhiều bình luận tiêu cực. Nhiều người cho rằng ngoại hình của La Vân Hi trong bộ phim này quá gầy và kém sắc hơn nhiều so với thời diễn vai Nhuận Ngọc trong “Hương mật tựa khói sương”.  Ngay sau đó, La Vân Hi đã đăng tải hình ảnh mình đang xem phim mới ở nhà cùng một bát đầy ú ụ sau riêng béo núc ních lên weibo cùng dòng cap: “Đang xem phim, cũng đang ăn nè""",2023-04-06 21:50:52,1150
6573271606056140,Mỗi lần mà nhờ chồng tôi trông con là sẽ diễn ra tình trạng này   -Miao- #WeiboVietNam #wbvn,2023-04-06 20:24:56,1507
6573104322739535,"BÍ QUYẾT GIÚP CHUỘT JERRY TRỞ NÊN ""VỪA CAO VỪA GẦY""...  Tác giả:   -Cá- #weibovietnam #wbvn #comics",2023-04-06 19:16:41,1350
6572999932749974,"HÌNH ẢNH VƯƠNG HẠC ĐỆ VÀ TÔN DI “VUI VẺ NÔ ĐÙA” BÊN CHIẾC BẬP BÊNH TRONG SHOW “50KM VƯỜN ĐÀO”   [89k likes] Giờ thì các bạn đã hiểu vì sao mẹ của Vương Hạc Đệ lại không muốn sinh thêm đứa nữa hay chưa?  [31kXem thêm likes] Cái bập bênh này hơi cao, Vương Hạc Đệ không dám buông tay ra sợ phía Tôn Di bị bập xuống… >> [12k likes] Douma cậu ta không phanh lại được cũng không dám buông tay ra luôn hahaha  [367k likes] Tôn Di tan làm trông con, đi làm lại phải trông “khỉ con”   [100k likes] Xem xong cái vid này, không khó nhận ra Tôn Di quả thực là một người mẹ rất tốt….",2023-04-06 18:33:39,640
6572829189433715,"KHÔNG CÓ LẤY MỘT CÂU TỤC TĨU NHƯNG LẠI QUÁNH CHO TÔI TAN TÁC TƠI BỜI...  >> Bởi vì lương của tôi ""cheap"" có được chưaaaaaaa >> Sorry, tiền lương của tôi là ""tuyệt địa cầu sinh"", không với lên nổi ngưỡng có thể Xem thêm""quản lý tài chính"" đâu ạ >> Có rất nhiều cách để làm tổn thương tôi, không nhất thiết phải dùng đến cách trực tiếp thế này đâu, đau lắm đấy có biết không >> Mấy câu này....tổn thương thật đấy... >> Không có tiền tiết kiệm không phải vì tiêu hoang, mà là vì không kiếm được nhiều tiền...",2023-04-06 17:15:52,1491
6572735469443087,"[J4f] Sự vui vẻ có thể nhìn thấy bằng mắt thường, không cần diễn tả bằng lời của Châu Thâm =)))  -Miao- #WeiboVietNam #wbvn",2023-04-06 16:27:18,479
6572652502784717,"CÃI NHAU VỚI BẠN TRAI, ẢNH DỖI NÓI KHÔNG CHO TÔI SỜ VÀO CHÓ CỦA ANH NỮA...   [110k likes] Có thể thấy rõ vẻ mặt nghi ngờ nhân sinh lẫn tủi thân cực mạnh từ vị trí em cẩu...  [76k likes] Chịu luôn đấy, tôi đã 28Xem thêm tuổi rồi nhưng lần nào cãi nhau bố mẹ tôi cũng tranh nhau quyền nuôi tôi...  [73k likes] Bây giờ thì tôi đã sâu sắc hiểu được vì sao bố mẹ cãi nhau người tổn thương nhất lại là con cái rồi...  Ảnh: ",2023-04-06 15:44:58,556
6572292612820706,Ơ kìa ai đã cho chụp mà chụp ,2023-04-06 12:36:07,63
6571967729519861,"ĐÓN CHỜ SỰ XUẤT HIỆN CỦA CHIPU!!!  Theo tin tức được blogger tung ra về danh sách chia bài và nhóm biểu diễn trong công diễn đầu tiên của ""Tỷ Tỷ Đạp Gió 4"", Chipu sẽ cùng 6 ngôi sao Ella Trần Gia Hoa, Trương GiaXem thêm Nghê, Ngô Thiến, Triệu Lệ Na, Maria, Cung Lâm Na trình diễn ca khúc ""Moonlight Sunrise"" của TWICE  -Miao- #WeiboVietNam #wbvn",2023-04-06 09:57:10,2325
6571826499533984,Tôi hạnh phúc với chiếc tai nghe trên một chuyến xe đầy tiếng trẻ con. Pềct lun   -Miao- #WeiboVietNam #wbvn,2023-04-06 08:50:10,353
6570475239669110,Chiếc đèn ngủ mẹ tôi mua cho đứa con trai đã 23 tuổi đầu của mẹ   -Miao- #WeiboVietNam #wbvn,2023-04-05 22:12:00,346
6570322876351013,"Có một cô em gái để yêu thương và chiều chuộng là cảm giác như thế nào? Là dù đi học về rất bận rộn và em thì đã ngủ say, nhưng vẫn muốn đến ở cạnh em và ngắm nhìn em ngủ   -Miao- #WeiboVietNam #wbvn",2023-04-05 21:09:14,239
6570228556360445,"NẾU TRONG “TÂN THẦN ĐIÊU ĐẠI HIỆP” (2014) TẠO HÌNH TIỂU LONG NỮ CỦA TRẦN NGHIÊN HY ĐƯỢC NHƯ THẾ NÀY THÌ CÓ LẼ CÔ ẤY ĐÃ KHÔNG BỊ CHÊ CƯỜI VÀ ĐẶT BIỆT DANH LÀ “CÔ CÔ ĐÙI GÀ”  >> Trần Nghiên Hy không xấu, nhưng cònXem thêm cách danh xưng “Tuyệt thế mỹ nhân” rất rất xa, tốt nhất vẫn là nên biết mình biết ta  >> Tạo hình này dù đẹp nhưng không đặc sắc, có điểm nhấn và quan trọng nhất là không thể hot bằng “Tiểu Long Bao” được  >> Trần Nghiên Hy đẹp nhưng không hợp vai Tiểu Long Nữ, khí chất của Tiểu Long Nữ là lạnh lùng trong trẻo, khuôn mặt tròn trịa hơi khó khắc họa được cái khí chất lạnh lùng kia  >> Bả không hợp với cổ trang luôn ấy chứ  >> Trần Nghiên Hy chắc chắn là người đẹp, nhưng tuyệt đối không phải là Tiểu Long Nữ",2023-04-05 20:30:01,920
6570158846367416,"VI VU VINPEARL - NHẬN DEAL HỜI VỚI UNIONPAY  Đã bao lâu rồi bạn chưa có những kỳ nghỉ, những chuyến du lịch ngắn ngày cùng gia đình và bạn bè?  Vậy thì hãy tranh thủ những ngày cuối tuần, nắm lấy cơ hội nhận ưu đãi hấp dẫn từ chương trình khuyến mãi của UnionPay và VinPearl, và tự thưởng cho mình một chuyến đi xả stress siêu tiết kiệm nào!  Nắm bắt được xu hướng thanh toán hiện nay, UnionPay sẽ mang những đặc quyền từ Vinpearl đến cho khách hàng với hình thức như sau: Thanh toán tại chỗ: Chi tiêu từ 1.000.000 VNĐ được giảm 10% khi thanh toán bằng Thẻ UnionPay. Chi tiêu từ 1.000.000 VNĐ giảm 15% khi thanh toán bằng mã QR UnionPay với thẻ Ghi nợ phi vật lý Quốc tế MB UnionPay hoặc Sacombank Pay. Áp dụng tại Vinpearl, VinWonder, VinGolf, Vinsafari và hệ thống nhà hàng Almaz. Giảm tối đa 500.000 VND ( giới hạn 1 giao dịch/toàn bộ thời gian khuyến mãi). Thời gian chương trình: Từ 15/04/2023 đến 31/08/2023  Đừng bỏ lỡ cơ hội thưởng thức kỳ nghỉ tuyệt vời cùng Vinpearl và trải nghiệm dịch vụ thanh toán tiện lợi và an toàn của UnionPay. Nhanh chân ghé thăm Vinpearl và sử dụng thẻ UnionPay để nhận ưu đãi nhé! #UnionPayVietnam #UnionPay #Vinpearl #VinWonders #VinGolf #VinSafari #Almaz",2023-04-05 20:00:02,2
6570034686379832,TỰ TIN VÀO CHÍNH MÌNH HƠN BẠN NHÉ!  Tác giả:   -Cá- #weibovietnam #wbvn #comics,2023-04-05 19:09:39,1897
6569732523076715,"Lần đầu tiên khi gặp tôi, có rất nhiều người cho rằng tôi làm công việc fulltime liên quan đến nghệ thuật, âm nhạc (thực ra đó chỉ là công việc parttime thôi), thực tế tôi là một bác sĩ.  Bệnh nhân nào thông cảmXem thêm cho thì tốt, còn ai không hiểu thì thường chỉ tay lên cái đầu màu sắc lòe loẹt của tôi mà combat, chẳng còn cách nào khác, lại lóc cóc quay về nhuộm lại tóc đen.  Hy vọng rằng thay vì để ý đến ngoại hình, bệnh nhân sẽ tập trung nhiều hơn vào trình độ kỹ thuật của tôi.  Ảnh: Yvan Tsao",2023-04-05 16:41:53,436
6569469856436315,"NO1 HOTSEARCH (BGT): PHIM TRUYỀN HÌNH TRONG NƯỚC XIN HÃY TÔN TRỌNG SẢN PHỤ  Cnet đang tỏ ra bất bình trước lời thoại được cho là rất cảm lạnh về việc sinh nở cùng những hành động của nữ chính sau khi mới sinhXem thêm con trong phim “Đường về nhà” của Đàm Tùng Vận và Tỉnh Bách Nhiên.  >> Không phải ai sinh con thì chắc chắn sẽ rất khổ rất cực, nhưng không thể nói là dễ dàng và nhẹ nhàng như trên phim này được. Nên tôi không hy vọng mọi người có cái nhìn sai lệch về việc này dẫn đến những lầm tưởng không đáng có. >> Trời diễn cảnh sinh con mà chẳng thấy đổ chút mồ hôi nào, phim cần sát thực tế hơn đi. >> Nghe cái câu uống nhiều trà sữa thì người mẹ sẽ có nhiều sữa cho con đã không có một tí logic nào rồi!!!  -Miao- #WeiboVietNam #wbvn",2023-04-05 14:21:25,2374
6569008446482456,"[J4F] KHẢ NĂNG CHỤP ẢNH ĐẾN BẢN THÂN CŨNG TỰ THẤY ""NGÁN NGẨM"" CỦA LƯU DIỆC PHI =)))  Hai mỹ nữ ngồi cạnh nhau nói chuyện rất vui cho đến khi Lưu Diệc Phi rút máy ra chụp chung với Đồng Lệ Á :v  >> Đại mỹ nữ cũngXem thêm có khiếm khuyết lớn, đó là không biết chụp được vẻ đẹp của mình =)) >> Đáng iu ghê, Đồng Lệ Á cũng sốc, kiểu không ngờ cổ chụp xí vậy. >> Lưu Diệc Phi: ""À thì bình thường em toàn selfile bằng cam sau, dùng cam trước thấy không quen lắm á.""  -Miao- #WeiboVietNam #wbvn",2023-04-05 10:04:05,71
6568822186501082,"Hai chiếc hotsearh ""Conan và Haibara hôn nhau rồi"" và ""Ran và Haibara hôn nhau rồi"" làm dậy sóng fandom vào đêm qua vẫn đang chễm chệ trong top hotsearch ở bảng chung và bảng giải trí   -Miao- #WeiboVietNam #wbvn",2023-04-05 08:32:09,2598
6567675993282368,"“Ở HIỀN GẶP LÀNH” - BẠN ĐÃ TỪNG GẶP ĐƯỢC CHUYỆN GÌ GIỐNG VỚI CÂU NÓI NÀY RỒI?  20 năm trước, bố tôi từng cứu được một bé trai suýt chút nữa thì ch*t đuối ở con sông bên cạnh nhà. 17 năm trước, chú của đứa béXem thêm được bố tôi cứu sống đó lại cứu tôi thoát khỏi số phận bị bắt cóc từ trên tay bọn buôn người. Bố tôi kể ông chỉ là vừa đúng lúc nhìn thấy một đứa bé sắp ch*t đuối, dẫu sao cũng là một sinh mạng, không nghĩ ngợi gì lập tức nhảy xuống cứu nó lên. Chú của đứa bé được bố tôi cứu lên kia thì bảo vốn dĩ chẳng quen biết gì tôi, chỉ là cứ có cảm giác tôi và kẻ bắt cóc kia trông không giống như mẹ con ruột nên mới chặn chúng lại để hỏi. Sau đó có cơ hội gặp lại, chú ấy mới biết bố tôi từng cứu cháu trai của mình. Sau này bà nội tôi vẫn thường xuyên kể lại chuyện này, mỗi lần kể đều cảm khái không thôi: đúng là người tốt ắt sẽ gặp chuyện lành.",2023-04-04 22:41:08,222
6567537919962842,[WEIBO VLOG] MỘT NGÀY ĂN CHAY CÙNG VỚI VEJO   Dù là người chơi “đạo thịt” nhưng thỉnh thoảng cũng nên thử “thanh lọc” cơ thể và tâm hồn một chút bằng những món ăn thuần chay dinh dưỡng và tốt cho sức khỏe.Xem thêm Hãy cùng Weibo Vlogs số lần này đến với Vejo - nhà hàng nổi tiếng phục vụ các món chay - để cùng trải nghiệm hành trình rau củ xem có gì hấp dẫn nhé.,2023-04-04 22:00:01,4
6567564546626846,"QUÁ TRÌNH “HẮC HOÁ” THỂ HIỆN QUA TỪNG ÁNH MẮT CỦA CHÂN HOÀN  “Tử Cấm Thành là nơi có thể khiến một cô gái ngây thơ, thanh thuần trở thành một người phụ nữ tâm cơ và thực tế đến đáng sợ.”  -Miao- #WeiboVietNam #wbvn",2023-04-04 21:47:51,426
6567524823297485,"TÌM CHÓ LẠC  Chiều ngày 01/4, gia đình có để lạc mất một chú chó như hình ạ.  Cháu giống Shiba, giới tính nam, hơn 3 tháng tuổi, có lẹo ở mắt khoé mắt trái.  Tại khu vực Vinhomes Long Biên ạ. Nếu ai đang giữXem thêm cháu, xin liên hệ với gia đình theo số điện thoại dưới cmt, gia đình xin phép được hậu tạ 10triệu + ạ. Mong các bạn cũng tìm lại được các cháu...",2023-04-04 21:31:23,187
6567448886638412,"GÓC TÌM TRAI  Cứu tui với mọi người ơi, lượn lờ sàn L mua cái áo xong thấy bạn mẫu nam này, cái thần tình yêu gọi tên tui phải yêu anh chàng này rồi, ai biết thông tin bạn này cho mình xin với ạ, mình biết nhiềuXem thêm bạn đôi khi mua sắm thấy mấy bạn mẫu nam cái u mê mất luôn, sàn L đưa tôi đến deal hời còn tặng tôi bạn nam đẹp trai chuẩn 4k này   #Lazada #Lazada44 #HangDungChat",2023-04-04 21:00:07,72
6567383766644924,"NHẸ NHÀNG TÌNH CẢM KHÔNG GÒ ÉP NHƯNG RẤT HIỆU QUẢ  Trong show truyền hình có Tiểu S làm host mới đây, Diệp Thư Hoa (ShuHua - (G)I-DLE) đã tiết lộ cách công ty chủ quản CUBE quản lý cân nặng của các idol. Thư HoaXem thêm cho biết CUBE không hề kiểm soát việc ăn uống của các idol mà ngược lại, họ cho phép gà nhà mình thoải mái thích gì ăn nấy.  Sau đó các staff sẽ lẳng lặng ghi lại hình ảnh tăng cân của idol rồi gọi họ đến trước màn hình, cho họ xem những hình ảnh kia và nhẹ nhàng nói: “Dù sao thì những bức hình này sẽ được lưu lại cả đời đó, mấy đứa nhìn rồi tự nghĩ nên nào thế nào đi ha”.",2023-04-04 20:33:24,483
6567302573319710,"MB UNIONPAY - CHIẾC THẺ “ẢO” THỂ HIỆN PHONG CÁCH SỐNG Trong thời kì chuyển đổi số, sản phẩm ngân hàng không những hiện diện trong từng khoảnh khắc sống của mỗi người mà còn có khả năng cá tính hóa, tạo bản sắc riêng cho từng nhóm khách hàng, cho từng cộng đồng… ngay từ những điểm chạm tương tác đầu tiên. Với sứ mệnh tạo ra phong cách tiêu dùng nhanh, tiết kiệm cả thời gian và chi phí, đặc biệt là dành cho nhóm khách hàng trẻ tuổi, yêu thích công nghệ và thích cập nhật nhanh những xu hướng mới, thương hiệu thanh toán quốc tế UnionPay kết hợp Ngân hàng Quân đội Việt Nam đã cho ra mắt thẻ Ghi nợ phi vật lí Quốc tế MB UnionPay. Đây là tấm thẻ thanh toán quốc tế “ảo” mang lại đầy đủ các tính năng của những chiếc thẻ ngân hàng vật lí, và còn mang lại nhiều quyền lợi độc quyền cho chủ thẻ như: - Shopping đa quốc gia - Ưu đãi giảm giá trong nhiều lĩnh vực thuộc hệ thống đối tác của UnionPay (ẩm thực, du lịch, mua sắm…) - Quét mã QR UnionPay tại hơn 40 triệu điểm chấp nhận thanh toán trên 45 quốc gia mà không cần lo về vấn đề thanh toán,…  Ngoài ra, với UnionPay, chủ thẻ sẽ được nhận chương trình giảm giá lên đến 15% khi thanh toán các dịch vụ của Vinpearl từ 15/04/2023 đến 31/08/2023.",2023-04-04 20:00:02,9
6567194036663897,CẬU CẦN MỘT CÁI ÔM...  Tác giả:   -Cá- #weibovietnam #wbvn #comics,2023-04-04 19:13:10,474
6567020180014616,“Không được đi! Mày lăn xuóng đây nói rõ ràng tao nghe! Mau cuống đâyyyy”  Đó là phản ứng của đuỹ bạn thân khi vừa xuống xe thì biết tin tôi mới có người yêu….  Ảnh: schnappih,2023-04-04 17:56:48,557
6566740276709273,Dỗ dành anh bạn trai to xác nhưng có trái tim íu đuối dễ tổn thương đang là thú vui mới của tôi   -Miao- #WeiboVietNam #wbvn,2023-04-04 15:38:57,1032
6566605966722704,Vẻ đẹp xuất hiện ở nơi không ngờ đến nhất,2023-04-04 14:28:41,58
6566272786756022,"HÓNG PHIM!  Mới đây đoàn làm phim “Doctor Outsider” đã chính thức làm lễ khai máy tại Đài Bắc. Được biết, trong dự án phim lần này nam diễn viên Việt Nam Liên Bỉnh Phát sẽ đảm nhận vai nam chính bên cạnh nàngXem thêm “Du Phi” Trương Quân Ninh.  Trong phim, Liên Bỉnh Phát vào vai một bác sĩ người Việt sống phi pháp tại Đài Loan nhưng luôn hết mình giúp đỡ các bệnh nhân. Còn Trương Quân Ninh sẽ hóa thân thành một bác sĩ ngoại khoa có con nhỏ bị bệnh nặng. Trong quá trình làm việc, cả hai dần nảy sinh thiện cảm với đối phương và giúp đỡ lẫn nhau. Phim dự kiến sẽ lên sóng vào cuối năm nay.  Hy vọng với dự án lần này, Liên Bỉnh Phát sẽ thật thành công và đưa tên tuổi của mình vươn xa hơn nữa.",2023-04-04 11:38:31,1102
6566135410103093,"Bộ TT&T sẽ thanh tra toàn diện TikTok Việt Nam vì liên tục xuất hiện những nội dung xấu, độc. Xử lý nghiêm nếu sai phạm!",2023-04-04 10:26:27,310
6566046660111968,Mua cho hẳn 2 cái nhưng vẫn nhất quyết chen chúc nằm chung một chỗ với nhau. Khó hiểu mấy con mồn lèo thiệt sự   -Miao- #WeiboVietNam #wbvn,2023-04-04 09:39:16,797
6564578823592085,"Đây là hiện trường vụ đấu tranh dữ dội mà tôi từng thấy, hẳn là con vật nào đó đã vật lộn và tuyệt vọng dữ lắm   Ảnh: ",2023-04-03 21:59:31,209
6564373846945916,[J4F] PHIM ẢNH ĐÃ CHỨNG MINH MUỐN CÓ NGƯỜI YÊU THÌ PHẢI SỐNG Ở TRÊN TẦNG 2   -Cá- #weibovietnam #wbvn #news #cbiz,2023-04-03 20:33:59,1351
6564292776954023,Nhìn là muốn nghỉ làm đi chơi ngay á mấy bà :3 Đặt đồ cho kịp đi nèo  #ShopeeHaul #44SaleThoiTrangMyPham,2023-04-03 20:00:04,13
6564246580291976,NGƯỜI CÓ THỂ NGÃ NHƯNG THỨC ĂN THÌ KHÔNG THỂ ĐỔ   Tác giả:   -Cá- #weibovietnam #wbvn #comics,2023-04-03 19:39:50,218
6564158210300813,"Máy rất xịn, quá đỉnh, y như mô tả, lên review 5 sao liền   #Lazada #HangDungChat",2023-04-03 19:00:04,11
6563918830324751,Xin lỗi đã quấy rầy ,2023-04-03 17:03:22,333
6563791543670813,"Tôi thấy việc con trai để lộ chân cũng rất đẹp, nhưng nếu muốn ra ngoài thì cần có dũng khí lớn ",2023-04-03 15:55:49,1840
